,Output,Time
0,0,2018-04-24 20:41
1,0,2018-04-24 20:41
2,0,2018-04-24 20:41
3,0,2018-04-24 20:41
4,0,2018-04-24 20:41
5,0,2018-04-24 20:41
6,0,2018-04-24 20:41
7,0,2018-04-24 20:41
8,0,2018-04-24 20:41
9,0,2018-04-24 20:41
10,0,2018-04-24 20:41
11,0,2018-04-24 20:41
12,0,2018-04-24 20:41
13,0,2018-04-24 20:41
14,0,2018-04-24 20:41
15,0,2018-04-24 20:41
16,0,2018-04-24 20:41
17,0,2018-04-24 20:41
18,0,2018-04-24 20:41
19,0,2018-04-24 20:41
20,0,2018-04-24 20:41
21,0,2018-04-24 20:41
22,0,2018-04-24 20:41
23,0,2018-04-24 20:41
24,0,2018-04-24 20:41
25,0,2018-04-24 20:41
26,0,2018-04-24 20:41
27,0,2018-04-24 20:41
28,0,2018-04-24 20:41
29,0,2018-04-24 20:41
30,0,2018-04-24 20:41
31,0,2018-04-24 20:41
32,0,2018-04-24 20:41
33,0,2018-04-24 20:41
34,0,2018-04-24 20:41
35,0,2018-04-24 20:41
36,0,2018-04-24 20:41
37,0,2018-04-24 20:41
38,0,2018-04-24 20:41
39,0,2018-04-24 20:41
40,0,2018-04-24 20:41
41,0,2018-04-24 20:41
42,0,2018-04-24 20:41
43,0,2018-04-24 20:41
44,0,2018-04-24 20:41
45,0,2018-04-24 20:41
46,0,2018-04-24 20:41
47,0,2018-04-24 20:41
48,0,2018-04-24 20:41
49,0,2018-04-24 20:41
50,0,2018-04-24 20:41
51,0,2018-04-24 20:41
52,0,2018-04-24 20:41
53,0,2018-04-24 20:41
54,0,2018-04-24 20:41
55,0,2018-04-24 20:41
56,0,2018-04-24 20:41
57,0,2018-04-24 20:41
58,0,2018-04-24 20:41
59,0,2018-04-24 20:41
60,0,2018-04-24 20:41
61,0,2018-04-24 20:41
62,0,2018-04-24 20:41
63,0,2018-04-24 20:41
64,0,2018-04-24 20:41
65,0,2018-04-24 20:41
66,0,2018-04-24 20:41
67,0,2018-04-24 20:41
68,0,2018-04-24 20:41
69,0,2018-04-24 20:41
70,0,2018-04-24 20:41
71,0,2018-04-24 20:41
72,0,2018-04-24 20:41
73,0,2018-04-24 20:41
74,0,2018-04-24 20:41
75,0,2018-04-24 20:41
76,0,2018-04-24 20:41
77,0,2018-04-24 20:41
78,0,2018-04-24 20:41
79,0,2018-04-24 20:41
80,0,2018-04-24 20:41
81,0,2018-04-24 20:41
82,0,2018-04-24 20:41
83,0,2018-04-24 20:41
84,0,2018-04-24 20:41
85,0,2018-04-24 20:41
86,0,2018-04-24 20:41
87,0,2018-04-24 20:41
88,0,2018-04-24 20:41
89,0,2018-04-24 20:41
90,0,2018-04-24 20:41
91,0,2018-04-24 20:41
92,0,2018-04-24 20:41
93,0,2018-04-24 20:41
94,0,2018-04-24 20:41
95,0,2018-04-24 20:41
96,0,2018-04-24 20:41
97,0,2018-04-24 20:41
98,0,2018-04-24 20:41
99,0,2018-04-24 20:41
100,0,2018-04-24 20:41
101,0,2018-04-24 20:41
102,0,2018-04-24 20:41
103,0,2018-04-24 20:41
104,0,2018-04-24 20:41
105,0,2018-04-24 20:41
106,0,2018-04-24 20:41
107,0,2018-04-24 20:41
108,0,2018-04-24 20:41
109,0,2018-04-24 20:41
110,0,2018-04-24 20:41
111,0,2018-04-24 20:41
112,0,2018-04-24 20:41
113,0,2018-04-24 20:41
114,0,2018-04-24 20:41
115,0,2018-04-24 20:41
116,0,2018-04-24 20:41
117,0,2018-04-24 20:41
118,0,2018-04-24 20:41
119,0,2018-04-24 20:41
120,0,2018-04-24 20:41
121,0,2018-04-24 20:41
122,0,2018-04-24 20:41
123,0,2018-04-24 20:41
124,0,2018-04-24 20:41
125,0,2018-04-24 20:41
126,0,2018-04-24 20:41
127,0,2018-04-24 20:41
128,0,2018-04-24 20:41
129,0,2018-04-24 20:41
130,0,2018-04-24 20:41
131,0,2018-04-24 20:41
132,0,2018-04-24 20:41
133,0,2018-04-24 20:41
134,0,2018-04-24 20:41
135,0,2018-04-24 20:41
136,0,2018-04-24 20:41
137,0,2018-04-24 20:41
138,0,2018-04-24 20:41
139,0,2018-04-24 20:41
140,0,2018-04-24 20:41
141,0,2018-04-24 20:41
142,0,2018-04-24 20:41
143,0,2018-04-24 20:41
144,0,2018-04-24 20:41
145,0,2018-04-24 20:41
146,0,2018-04-24 20:41
147,0,2018-04-24 20:41
148,0,2018-04-24 20:41
149,0,2018-04-24 20:41
150,0,2018-04-24 20:41
151,0,2018-04-24 20:41
152,0,2018-04-24 20:41
153,0,2018-04-24 20:41
154,0,2018-04-24 20:41
155,0,2018-04-24 20:41
156,0,2018-04-24 20:41
157,0,2018-04-24 20:41
158,0,2018-04-24 20:41
159,0,2018-04-24 20:41
160,0,2018-04-24 20:41
161,0,2018-04-24 20:41
162,0,2018-04-24 20:41
163,0,2018-04-24 20:41
164,0,2018-04-24 20:41
165,0,2018-04-24 20:41
166,0,2018-04-24 20:41
167,0,2018-04-24 20:41
168,0,2018-04-24 20:41
169,0,2018-04-24 20:41
170,0,2018-04-24 20:41
171,0,2018-04-24 20:41
172,0,2018-04-24 20:41
173,0,2018-04-24 20:41
174,0,2018-04-24 20:41
175,0,2018-04-24 20:41
176,0,2018-04-24 20:41
177,0,2018-04-24 20:41
178,0,2018-04-24 20:41
179,0,2018-04-24 20:41
180,0,2018-04-24 20:41
181,0,2018-04-24 20:41
182,0,2018-04-24 20:41
183,0,2018-04-24 20:41
184,0,2018-04-24 20:41
185,0,2018-04-24 20:41
186,0,2018-04-24 20:41
187,0,2018-04-24 20:41
188,0,2018-04-24 20:41
189,0,2018-04-24 20:41
190,0,2018-04-24 20:41
191,0,2018-04-24 20:41
192,0,2018-04-24 20:41
193,0,2018-04-24 20:41
194,0,2018-04-24 20:41
195,0,2018-04-24 20:41
196,0,2018-04-24 20:41
197,0,2018-04-24 20:41
198,0,2018-04-24 20:41
199,0,2018-04-24 20:41
200,0,2018-04-24 20:41
201,0,2018-04-24 20:41
202,0,2018-04-24 20:41
203,0,2018-04-24 20:41
204,0,2018-04-24 20:41
205,0,2018-04-24 20:41
206,0,2018-04-24 20:41
207,0,2018-04-24 20:41
208,0,2018-04-24 20:41
209,0,2018-04-24 20:41
210,0,2018-04-24 20:41
211,0,2018-04-24 20:41
212,0,2018-04-24 20:41
213,0,2018-04-24 20:41
214,0,2018-04-24 20:41
215,0,2018-04-24 20:41
216,0,2018-04-24 20:41
217,0,2018-04-24 20:41
218,0,2018-04-24 20:41
219,0,2018-04-24 20:41
220,0,2018-04-24 20:41
221,0,2018-04-24 20:41
222,0,2018-04-24 20:41
223,0,2018-04-24 20:41
224,0,2018-04-24 20:41
225,0,2018-04-24 20:41
226,0,2018-04-24 20:41
227,0,2018-04-24 20:41
228,0,2018-04-24 20:41
229,0,2018-04-24 20:41
230,0,2018-04-24 20:41
231,0,2018-04-24 20:41
232,0,2018-04-24 20:41
233,0,2018-04-24 20:41
234,0,2018-04-24 20:41
235,0,2018-04-24 20:41
236,0,2018-04-24 20:41
237,0,2018-04-24 20:41
238,0,2018-04-24 20:41
239,0,2018-04-24 20:41
240,0,2018-04-24 20:41
241,0,2018-04-24 20:41
242,0,2018-04-24 20:41
243,0,2018-04-24 20:41
244,0,2018-04-24 20:41
245,0,2018-04-24 20:41
246,0,2018-04-24 20:41
247,0,2018-04-24 20:41
248,0,2018-04-24 20:41
249,0,2018-04-24 20:41
250,0,2018-04-24 20:41
251,0,2018-04-24 20:41
252,0,2018-04-24 20:41
253,0,2018-04-24 20:41
254,0,2018-04-24 20:41
255,0,2018-04-24 20:41
256,0,2018-04-24 20:41
257,0,2018-04-24 20:41
258,0,2018-04-24 20:41
259,0,2018-04-24 20:41
260,0,2018-04-24 20:41
261,0,2018-04-24 20:41
262,0,2018-04-24 20:41
263,0,2018-04-24 20:41
264,0,2018-04-24 20:41
265,0,2018-04-24 20:41
266,0,2018-04-24 20:41
267,0,2018-04-24 20:41
268,0,2018-04-24 20:41
269,0,2018-04-24 20:41
270,0,2018-04-24 20:41
271,0,2018-04-24 20:41
272,0,2018-04-24 20:41
273,0,2018-04-24 20:41
274,0,2018-04-24 20:41
275,0,2018-04-24 20:41
276,0,2018-04-24 20:41
277,0,2018-04-24 20:41
278,0,2018-04-24 20:41
279,0,2018-04-24 20:41
280,0,2018-04-24 20:41
281,0,2018-04-24 20:41
282,0,2018-04-24 20:41
283,0,2018-04-24 20:41
284,0,2018-04-24 20:41
285,0,2018-04-24 20:41
286,0,2018-04-24 20:41
287,0,2018-04-24 20:41
288,0,2018-04-24 20:41
289,0,2018-04-24 20:41
290,0,2018-04-24 20:41
291,0,2018-04-24 20:41
292,0,2018-04-24 20:41
293,0,2018-04-24 20:41
294,0,2018-04-24 20:41
295,0,2018-04-24 20:41
296,0,2018-04-24 20:41
297,0,2018-04-24 20:41
298,0,2018-04-24 20:41
299,0,2018-04-24 20:41
300,0,2018-04-24 20:41
301,0,2018-04-24 20:41
302,0,2018-04-24 20:41
303,0,2018-04-24 20:41
304,0,2018-04-24 20:41
305,0,2018-04-24 20:41
306,0,2018-04-24 20:41
307,0,2018-04-24 20:41
308,0,2018-04-24 20:41
309,0,2018-04-24 20:41
310,0,2018-04-24 20:41
311,0,2018-04-24 20:41
312,0,2018-04-24 20:41
313,0,2018-04-24 20:41
314,0,2018-04-24 20:41
315,0,2018-04-24 20:41
316,0,2018-04-24 20:41
317,0,2018-04-24 20:41
318,0,2018-04-24 20:41
319,0,2018-04-24 20:41
320,0,2018-04-24 20:41
321,0,2018-04-24 20:41
322,0,2018-04-24 20:41
323,0,2018-04-24 20:41
324,0,2018-04-24 20:41
325,0,2018-04-24 20:41
326,0,2018-04-24 20:41
327,0,2018-04-24 20:41
328,0,2018-04-24 20:41
329,0,2018-04-24 20:41
330,0,2018-04-24 20:41
331,0,2018-04-24 20:41
332,0,2018-04-24 20:41
333,0,2018-04-24 20:41
334,0,2018-04-24 20:41
335,0,2018-04-24 20:41
336,0,2018-04-24 20:41
337,0,2018-04-24 20:41
338,0,2018-04-24 20:41
339,0,2018-04-24 20:41
340,0,2018-04-24 20:41
341,0,2018-04-24 20:41
342,0,2018-04-24 20:41
343,0,2018-04-24 20:41
344,0,2018-04-24 20:41
345,0,2018-04-24 20:41
346,0,2018-04-24 20:41
347,0,2018-04-24 20:41
348,0,2018-04-24 20:41
349,0,2018-04-24 20:41
350,0,2018-04-24 20:41
351,0,2018-04-24 20:41
352,0,2018-04-24 20:41
353,0,2018-04-24 20:41
354,0,2018-04-24 20:41
355,0,2018-04-24 20:41
356,0,2018-04-24 20:41
357,0,2018-04-24 20:41
358,0,2018-04-24 20:41
359,0,2018-04-24 20:41
360,0,2018-04-24 20:41
361,0,2018-04-24 20:41
362,0,2018-04-24 20:41
363,0,2018-04-24 20:41
364,0,2018-04-24 20:41
365,0,2018-04-24 20:41
366,0,2018-04-24 20:41
367,0,2018-04-24 20:41
368,0,2018-04-24 20:41
369,0,2018-04-24 20:41
370,0,2018-04-24 20:41
371,0,2018-04-24 20:41
372,0,2018-04-24 20:41
373,0,2018-04-24 20:41
374,0,2018-04-24 20:41
375,0,2018-04-24 20:41
376,0,2018-04-24 20:41
377,0,2018-04-24 20:41
378,0,2018-04-24 20:41
379,0,2018-04-24 20:41
380,0,2018-04-24 20:41
381,0,2018-04-24 20:41
382,0,2018-04-24 20:41
383,0,2018-04-24 20:41
384,0,2018-04-24 20:41
385,0,2018-04-24 20:41
386,0,2018-04-24 20:41
387,0,2018-04-24 20:41
388,0,2018-04-24 20:41
389,0,2018-04-24 20:41
390,0,2018-04-24 20:41
391,0,2018-04-24 20:41
392,0,2018-04-24 20:41
393,0,2018-04-24 20:41
394,0,2018-04-24 20:41
395,0,2018-04-24 20:41
396,0,2018-04-24 20:41
397,0,2018-04-24 20:41
398,0,2018-04-24 20:41
399,0,2018-04-24 20:41
400,0,2018-04-24 20:41
401,0,2018-04-24 20:41
402,0,2018-04-24 20:41
403,0,2018-04-24 20:41
404,0,2018-04-24 20:41
405,0,2018-04-24 20:41
406,0,2018-04-24 20:41
407,0,2018-04-24 20:41
408,0,2018-04-24 20:41
409,0,2018-04-24 20:41
410,0,2018-04-24 20:41
411,0,2018-04-24 20:41
412,0,2018-04-24 20:41
413,0,2018-04-24 20:41
414,0,2018-04-24 20:41
415,0,2018-04-24 20:41
416,0,2018-04-24 20:41
417,0,2018-04-24 20:41
418,0,2018-04-24 20:41
419,0,2018-04-24 20:41
420,0,2018-04-24 20:41
421,0,2018-04-24 20:41
422,0,2018-04-24 20:41
423,0,2018-04-24 20:41
424,0,2018-04-24 20:41
425,0,2018-04-24 20:41
426,0,2018-04-24 20:41
427,0,2018-04-24 20:41
428,0,2018-04-24 20:41
429,0,2018-04-24 20:41
430,0,2018-04-24 20:41
431,0,2018-04-24 20:41
432,0,2018-04-24 20:41
433,0,2018-04-24 20:41
434,0,2018-04-24 20:41
435,0,2018-04-24 20:41
436,0,2018-04-24 20:41
437,0,2018-04-24 20:41
438,0,2018-04-24 20:41
439,0,2018-04-24 20:41
440,0,2018-04-24 20:41
441,0,2018-04-24 20:41
442,0,2018-04-24 20:41
443,0,2018-04-24 20:41
444,0,2018-04-24 20:41
445,0,2018-04-24 20:41
446,0,2018-04-24 20:41
447,0,2018-04-24 20:41
448,0,2018-04-24 20:41
449,0,2018-04-24 20:41
450,0,2018-04-24 20:41
451,0,2018-04-24 20:41
452,0,2018-04-24 20:41
453,0,2018-04-24 20:41
454,0,2018-04-24 20:41
455,0,2018-04-24 20:41
456,0,2018-04-24 20:41
457,0,2018-04-24 20:41
458,0,2018-04-24 20:41
459,0,2018-04-24 20:41
460,0,2018-04-24 20:41
461,0,2018-04-24 20:41
462,0,2018-04-24 20:41
463,0,2018-04-24 20:41
464,0,2018-04-24 20:41
465,0,2018-04-24 20:41
466,0,2018-04-24 20:41
467,0,2018-04-24 20:41
468,0,2018-04-24 20:41
469,0,2018-04-24 20:41
470,0,2018-04-24 20:41
471,0,2018-04-24 20:41
472,0,2018-04-24 20:41
473,0,2018-04-24 20:41
474,0,2018-04-24 20:41
475,0,2018-04-24 20:41
476,0,2018-04-24 20:41
477,0,2018-04-24 20:41
478,0,2018-04-24 20:41
479,0,2018-04-24 20:41
480,0,2018-04-24 20:41
481,0,2018-04-24 20:41
482,0,2018-04-24 20:41
483,0,2018-04-24 20:41
484,0,2018-04-24 20:41
485,0,2018-04-24 20:41
486,0,2018-04-24 20:41
487,0,2018-04-24 20:41
488,0,2018-04-24 20:41
489,0,2018-04-24 20:41
490,0,2018-04-24 20:41
491,0,2018-04-24 20:41
492,0,2018-04-24 20:41
493,0,2018-04-24 20:41
494,0,2018-04-24 20:41
495,0,2018-04-24 20:41
496,0,2018-04-24 20:41
497,0,2018-04-24 20:41
498,0,2018-04-24 20:41
499,0,2018-04-24 20:41
500,0,2018-04-24 20:41
501,0,2018-04-24 20:41
502,0,2018-04-24 20:41
503,0,2018-04-24 20:41
504,0,2018-04-24 20:41
505,0,2018-04-24 20:41
506,0,2018-04-24 20:41
507,0,2018-04-24 20:41
508,0,2018-04-24 20:41
509,0,2018-04-24 20:41
510,0,2018-04-24 20:41
511,0,2018-04-24 20:41
512,0,2018-04-24 20:41
513,0,2018-04-24 20:41
514,0,2018-04-24 20:41
515,0,2018-04-24 20:41
516,0,2018-04-24 20:41
517,0,2018-04-24 20:41
518,0,2018-04-24 20:41
519,0,2018-04-24 20:41
520,0,2018-04-24 20:41
521,0,2018-04-24 20:41
522,0,2018-04-24 20:41
523,0,2018-04-24 20:41
524,0,2018-04-24 20:41
525,0,2018-04-24 20:41
526,0,2018-04-24 20:41
527,0,2018-04-24 20:41
528,0,2018-04-24 20:41
529,0,2018-04-24 20:41
530,0,2018-04-24 20:41
531,0,2018-04-24 20:41
532,0,2018-04-24 20:41
533,0,2018-04-24 20:41
534,0,2018-04-24 20:41
535,0,2018-04-24 20:41
536,0,2018-04-24 20:41
537,0,2018-04-24 20:41
538,0,2018-04-24 20:41
539,0,2018-04-24 20:41
540,0,2018-04-24 20:41
541,1,2018-04-24 20:41
542,1,2018-04-24 20:41
543,1,2018-04-24 20:41
544,1,2018-04-24 20:41
545,1,2018-04-24 20:41
546,1,2018-04-24 20:41
547,1,2018-04-24 20:41
548,1,2018-04-24 20:41
549,1,2018-04-24 20:41
550,1,2018-04-24 20:41
551,1,2018-04-24 20:41
552,1,2018-04-24 20:41
553,1,2018-04-24 20:41
554,1,2018-04-24 20:41
555,1,2018-04-24 20:41
556,1,2018-04-24 20:41
557,1,2018-04-24 20:41
558,1,2018-04-24 20:41
559,1,2018-04-24 20:41
560,1,2018-04-24 20:41
561,1,2018-04-24 20:41
562,1,2018-04-24 20:41
563,1,2018-04-24 20:41
564,1,2018-04-24 20:41
565,1,2018-04-24 20:41
566,1,2018-04-24 20:41
567,1,2018-04-24 20:41
568,1,2018-04-24 20:41
569,1,2018-04-24 20:41
570,1,2018-04-24 20:41
571,1,2018-04-24 20:41
572,1,2018-04-24 20:41
573,1,2018-04-24 20:41
574,1,2018-04-24 20:41
575,1,2018-04-24 20:41
576,1,2018-04-24 20:41
577,1,2018-04-24 20:41
578,1,2018-04-24 20:41
579,1,2018-04-24 20:41
580,1,2018-04-24 20:41
581,1,2018-04-24 20:41
582,1,2018-04-24 20:41
583,1,2018-04-24 20:41
584,1,2018-04-24 20:41
585,1,2018-04-24 20:41
586,1,2018-04-24 20:41
587,1,2018-04-24 20:41
588,1,2018-04-24 20:41
589,1,2018-04-24 20:41
590,1,2018-04-24 20:41
591,1,2018-04-24 20:41
592,1,2018-04-24 20:41
593,1,2018-04-24 20:41
594,1,2018-04-24 20:41
595,1,2018-04-24 20:41
596,1,2018-04-24 20:41
597,1,2018-04-24 20:41
598,1,2018-04-24 20:41
599,1,2018-04-24 20:41
600,1,2018-04-24 20:41
601,1,2018-04-24 20:41
602,1,2018-04-24 20:41
603,1,2018-04-24 20:41
604,1,2018-04-24 20:41
605,1,2018-04-24 20:41
606,1,2018-04-24 20:41
607,1,2018-04-24 20:41
608,1,2018-04-24 20:41
609,1,2018-04-24 20:41
610,1,2018-04-24 20:41
611,1,2018-04-24 20:41
612,1,2018-04-24 20:41
613,1,2018-04-24 20:41
614,1,2018-04-24 20:41
615,1,2018-04-24 20:41
616,1,2018-04-24 20:41
617,1,2018-04-24 20:41
618,1,2018-04-24 20:41
619,1,2018-04-24 20:41
620,1,2018-04-24 20:41
621,1,2018-04-24 20:41
622,1,2018-04-24 20:41
623,1,2018-04-24 20:41
624,1,2018-04-24 20:41
625,1,2018-04-24 20:41
626,1,2018-04-24 20:41
627,1,2018-04-24 20:41
628,1,2018-04-24 20:41
629,1,2018-04-24 20:41
630,1,2018-04-24 20:41
631,1,2018-04-24 20:41
632,1,2018-04-24 20:41
633,1,2018-04-24 20:41
634,1,2018-04-24 20:41
635,1,2018-04-24 20:41
636,1,2018-04-24 20:41
637,1,2018-04-24 20:41
638,1,2018-04-24 20:41
639,1,2018-04-24 20:41
640,1,2018-04-24 20:41
641,1,2018-04-24 20:41
642,1,2018-04-24 20:41
643,1,2018-04-24 20:41
644,1,2018-04-24 20:41
645,1,2018-04-24 20:41
646,1,2018-04-24 20:41
647,1,2018-04-24 20:41
648,1,2018-04-24 20:41
649,1,2018-04-24 20:41
650,1,2018-04-24 20:41
651,1,2018-04-24 20:41
652,1,2018-04-24 20:41
653,1,2018-04-24 20:41
654,1,2018-04-24 20:41
655,1,2018-04-24 20:41
656,1,2018-04-24 20:41
657,1,2018-04-24 20:41
658,1,2018-04-24 20:41
659,1,2018-04-24 20:41
660,1,2018-04-24 20:41
661,1,2018-04-24 20:41
662,1,2018-04-24 20:41
663,1,2018-04-24 20:41
664,1,2018-04-24 20:41
665,1,2018-04-24 20:41
666,1,2018-04-24 20:41
667,1,2018-04-24 20:41
668,1,2018-04-24 20:41
669,1,2018-04-24 20:41
670,1,2018-04-24 20:41
671,1,2018-04-24 20:41
672,1,2018-04-24 20:41
673,1,2018-04-24 20:41
674,1,2018-04-24 20:41
675,1,2018-04-24 20:41
676,1,2018-04-24 20:41
677,1,2018-04-24 20:41
678,1,2018-04-24 20:41
679,1,2018-04-24 20:41
680,1,2018-04-24 20:41
681,1,2018-04-24 20:41
682,1,2018-04-24 20:41
683,1,2018-04-24 20:41
684,1,2018-04-24 20:41
685,1,2018-04-24 20:41
686,1,2018-04-24 20:41
687,1,2018-04-24 20:41
688,1,2018-04-24 20:41
689,1,2018-04-24 20:41
690,1,2018-04-24 20:41
691,1,2018-04-24 20:41
692,1,2018-04-24 20:41
693,1,2018-04-24 20:41
694,1,2018-04-24 20:41
695,1,2018-04-24 20:41
696,1,2018-04-24 20:41
697,1,2018-04-24 20:41
698,1,2018-04-24 20:41
699,1,2018-04-24 20:41
700,1,2018-04-24 20:41
701,1,2018-04-24 20:41
702,1,2018-04-24 20:41
703,1,2018-04-24 20:41
704,1,2018-04-24 20:41
705,1,2018-04-24 20:41
706,1,2018-04-24 20:41
707,1,2018-04-24 20:41
708,1,2018-04-24 20:41
709,1,2018-04-24 20:41
710,1,2018-04-24 20:41
711,1,2018-04-24 20:41
712,1,2018-04-24 20:41
713,1,2018-04-24 20:41
714,1,2018-04-24 20:41
715,1,2018-04-24 20:41
716,1,2018-04-24 20:41
717,1,2018-04-24 20:41
718,1,2018-04-24 20:41
719,1,2018-04-24 20:41
720,1,2018-04-24 20:41
721,1,2018-04-24 20:41
722,1,2018-04-24 20:41
723,1,2018-04-24 20:41
724,1,2018-04-24 20:41
725,1,2018-04-24 20:41
726,1,2018-04-24 20:41
727,1,2018-04-24 20:41
728,1,2018-04-24 20:41
729,1,2018-04-24 20:41
730,1,2018-04-24 20:41
731,1,2018-04-24 20:41
732,1,2018-04-24 20:41
733,1,2018-04-24 20:41
734,1,2018-04-24 20:41
735,1,2018-04-24 20:41
736,1,2018-04-24 20:41
737,1,2018-04-24 20:41
738,1,2018-04-24 20:41
739,1,2018-04-24 20:41
740,1,2018-04-24 20:41
741,1,2018-04-24 20:41
742,1,2018-04-24 20:41
743,1,2018-04-24 20:41
744,1,2018-04-24 20:41
745,1,2018-04-24 20:41
746,1,2018-04-24 20:41
747,1,2018-04-24 20:41
748,1,2018-04-24 20:41
749,1,2018-04-24 20:41
750,1,2018-04-24 20:41
751,1,2018-04-24 20:41
752,1,2018-04-24 20:41
753,1,2018-04-24 20:41
754,1,2018-04-24 20:41
755,1,2018-04-24 20:41
756,1,2018-04-24 20:41
757,1,2018-04-24 20:41
758,1,2018-04-24 20:41
759,1,2018-04-24 20:41
760,1,2018-04-24 20:41
761,1,2018-04-24 20:41
762,1,2018-04-24 20:41
763,1,2018-04-24 20:41
764,1,2018-04-24 20:41
765,1,2018-04-24 20:41
766,1,2018-04-24 20:41
767,1,2018-04-24 20:41
768,1,2018-04-24 20:41
769,1,2018-04-24 20:41
770,1,2018-04-24 20:41
771,1,2018-04-24 20:41
772,1,2018-04-24 20:41
773,1,2018-04-24 20:41
774,1,2018-04-24 20:41
775,1,2018-04-24 20:41
776,1,2018-04-24 20:41
777,1,2018-04-24 20:41
778,1,2018-04-24 20:41
779,1,2018-04-24 20:41
780,1,2018-04-24 20:41
781,1,2018-04-24 20:41
782,1,2018-04-24 20:41
783,1,2018-04-24 20:41
784,1,2018-04-24 20:41
785,1,2018-04-24 20:41
786,1,2018-04-24 20:41
787,1,2018-04-24 20:41
788,1,2018-04-24 20:41
789,1,2018-04-24 20:41
790,1,2018-04-24 20:41
791,1,2018-04-24 20:41
792,1,2018-04-24 20:41
793,1,2018-04-24 20:41
794,1,2018-04-24 20:41
795,1,2018-04-24 20:41
796,1,2018-04-24 20:41
797,1,2018-04-24 20:41
798,1,2018-04-24 20:41
799,1,2018-04-24 20:41
800,1,2018-04-24 20:41
801,1,2018-04-24 20:41
802,1,2018-04-24 20:41
803,1,2018-04-24 20:41
804,1,2018-04-24 20:41
805,1,2018-04-24 20:41
806,1,2018-04-24 20:41
807,1,2018-04-24 20:41
808,1,2018-04-24 20:41
809,1,2018-04-24 20:41
810,1,2018-04-24 20:41
811,1,2018-04-24 20:41
812,1,2018-04-24 20:41
813,1,2018-04-24 20:41
814,1,2018-04-24 20:41
815,1,2018-04-24 20:41
816,1,2018-04-24 20:41
817,1,2018-04-24 20:41
818,1,2018-04-24 20:41
819,1,2018-04-24 20:41
820,1,2018-04-24 20:41
821,1,2018-04-24 20:41
822,1,2018-04-24 20:41
823,1,2018-04-24 20:41
824,1,2018-04-24 20:41
825,1,2018-04-24 20:41
826,1,2018-04-24 20:41
827,1,2018-04-24 20:41
828,1,2018-04-24 20:41
829,1,2018-04-24 20:41
830,1,2018-04-24 20:41
831,1,2018-04-24 20:41
832,1,2018-04-24 20:41
833,1,2018-04-24 20:41
834,1,2018-04-24 20:41
835,1,2018-04-24 20:41
836,1,2018-04-24 20:41
837,1,2018-04-24 20:41
838,1,2018-04-24 20:41
839,1,2018-04-24 20:41
840,1,2018-04-24 20:41
841,1,2018-04-24 20:41
842,1,2018-04-24 20:41
843,1,2018-04-24 20:41
844,1,2018-04-24 20:41
845,1,2018-04-24 20:41
846,1,2018-04-24 20:41
847,1,2018-04-24 20:41
848,1,2018-04-24 20:41
849,1,2018-04-24 20:41
850,1,2018-04-24 20:41
851,1,2018-04-24 20:41
852,1,2018-04-24 20:41
853,1,2018-04-24 20:41
854,1,2018-04-24 20:41
855,1,2018-04-24 20:41
856,1,2018-04-24 20:41
857,1,2018-04-24 20:41
858,1,2018-04-24 20:41
859,1,2018-04-24 20:41
860,1,2018-04-24 20:41
861,1,2018-04-24 20:41
862,1,2018-04-24 20:41
863,1,2018-04-24 20:41
864,1,2018-04-24 20:41
865,1,2018-04-24 20:41
866,1,2018-04-24 20:41
867,1,2018-04-24 20:41
868,1,2018-04-24 20:41
869,1,2018-04-24 20:41
870,1,2018-04-24 20:41
871,1,2018-04-24 20:41
872,1,2018-04-24 20:41
873,1,2018-04-24 20:41
874,1,2018-04-24 20:41
875,1,2018-04-24 20:41
876,1,2018-04-24 20:41
877,1,2018-04-24 20:41
878,1,2018-04-24 20:41
879,1,2018-04-24 20:41
880,1,2018-04-24 20:41
881,1,2018-04-24 20:41
882,1,2018-04-24 20:41
883,1,2018-04-24 20:41
884,1,2018-04-24 20:41
885,1,2018-04-24 20:41
886,1,2018-04-24 20:41
887,1,2018-04-24 20:41
888,1,2018-04-24 20:41
889,1,2018-04-24 20:41
890,1,2018-04-24 20:41
891,1,2018-04-24 20:41
892,1,2018-04-24 20:41
893,1,2018-04-24 20:41
894,1,2018-04-24 20:41
895,1,2018-04-24 20:41
896,1,2018-04-24 20:41
897,1,2018-04-24 20:41
898,1,2018-04-24 20:41
899,1,2018-04-24 20:41
900,1,2018-04-24 20:41
901,1,2018-04-24 20:41
902,1,2018-04-24 20:41
903,1,2018-04-24 20:41
904,1,2018-04-24 20:41
905,1,2018-04-24 20:41
906,1,2018-04-24 20:41
907,1,2018-04-24 20:41
908,1,2018-04-24 20:41
909,1,2018-04-24 20:41
910,1,2018-04-24 20:41
911,1,2018-04-24 20:41
912,1,2018-04-24 20:41
913,1,2018-04-24 20:41
914,1,2018-04-24 20:41
915,1,2018-04-24 20:41
916,1,2018-04-24 20:41
917,1,2018-04-24 20:41
918,1,2018-04-24 20:41
919,1,2018-04-24 20:41
920,1,2018-04-24 20:41
921,1,2018-04-24 20:41
922,1,2018-04-24 20:41
923,1,2018-04-24 20:41
924,1,2018-04-24 20:41
925,1,2018-04-24 20:41
926,1,2018-04-24 20:41
927,1,2018-04-24 20:41
928,1,2018-04-24 20:41
929,1,2018-04-24 20:41
930,1,2018-04-24 20:41
931,1,2018-04-24 20:41
932,1,2018-04-24 20:41
933,1,2018-04-24 20:41
934,1,2018-04-24 20:41
935,1,2018-04-24 20:41
936,1,2018-04-24 20:41
937,1,2018-04-24 20:41
938,1,2018-04-24 20:41
939,1,2018-04-24 20:41
940,1,2018-04-24 20:41
941,1,2018-04-24 20:41
942,1,2018-04-24 20:41
943,1,2018-04-24 20:41
944,1,2018-04-24 20:41
945,1,2018-04-24 20:41
946,1,2018-04-24 20:41
947,1,2018-04-24 20:41
948,1,2018-04-24 20:41
949,1,2018-04-24 20:41
950,1,2018-04-24 20:41
951,1,2018-04-24 20:41
952,1,2018-04-24 20:41
953,1,2018-04-24 20:41
954,1,2018-04-24 20:41
955,1,2018-04-24 20:41
956,1,2018-04-24 20:41
957,1,2018-04-24 20:41
958,1,2018-04-24 20:41
959,1,2018-04-24 20:41
960,1,2018-04-24 20:41
961,1,2018-04-24 20:41
962,1,2018-04-24 20:41
963,1,2018-04-24 20:41
964,1,2018-04-24 20:41
965,1,2018-04-24 20:41
966,1,2018-04-24 20:41
967,1,2018-04-24 20:41
968,1,2018-04-24 20:41
969,1,2018-04-24 20:41
970,1,2018-04-24 20:41
971,1,2018-04-24 20:41
972,1,2018-04-24 20:41
973,1,2018-04-24 20:41
974,1,2018-04-24 20:41
975,1,2018-04-24 20:41
976,1,2018-04-24 20:41
977,1,2018-04-24 20:41
978,1,2018-04-24 20:41
979,1,2018-04-24 20:41
980,1,2018-04-24 20:41
981,1,2018-04-24 20:41
982,1,2018-04-24 20:41
983,1,2018-04-24 20:41
984,1,2018-04-24 20:41
985,1,2018-04-24 20:41
986,1,2018-04-24 20:41
987,1,2018-04-24 20:41
988,1,2018-04-24 20:41
989,1,2018-04-24 20:41
990,1,2018-04-24 20:41
991,1,2018-04-24 20:41
992,1,2018-04-24 20:41
993,1,2018-04-24 20:41
994,1,2018-04-24 20:41
995,1,2018-04-24 20:41
996,1,2018-04-24 20:41
997,1,2018-04-24 20:41
998,1,2018-04-24 20:41
999,1,2018-04-24 20:41
1000,1,2018-04-24 20:41
1001,1,2018-04-24 20:41
1002,1,2018-04-24 20:41
1003,1,2018-04-24 20:41
1004,1,2018-04-24 20:41
1005,1,2018-04-24 20:41
1006,1,2018-04-24 20:41
1007,1,2018-04-24 20:41
1008,1,2018-04-24 20:41
1009,1,2018-04-24 20:41
1010,1,2018-04-24 20:41
1011,1,2018-04-24 20:41
1012,1,2018-04-24 20:41
1013,1,2018-04-24 20:41
1014,1,2018-04-24 20:41
1015,1,2018-04-24 20:41
1016,1,2018-04-24 20:41
1017,1,2018-04-24 20:41
1018,1,2018-04-24 20:41
1019,1,2018-04-24 20:41
1020,1,2018-04-24 20:41
1021,1,2018-04-24 20:41
1022,1,2018-04-24 20:41
1023,1,2018-04-24 20:41
1024,1,2018-04-24 20:41
1025,1,2018-04-24 20:41
1026,1,2018-04-24 20:41
1027,1,2018-04-24 20:41
1028,1,2018-04-24 20:41
1029,1,2018-04-24 20:41
1030,1,2018-04-24 20:41
1031,1,2018-04-24 20:41
1032,1,2018-04-24 20:41
1033,1,2018-04-24 20:41
1034,1,2018-04-24 20:41
1035,1,2018-04-24 20:41
1036,1,2018-04-24 20:41
1037,1,2018-04-24 20:41
1038,1,2018-04-24 20:41
1039,1,2018-04-24 20:41
1040,1,2018-04-24 20:41
1041,1,2018-04-24 20:41
1042,1,2018-04-24 20:41
1043,1,2018-04-24 20:41
1044,1,2018-04-24 20:41
1045,1,2018-04-24 20:41
1046,1,2018-04-24 20:41
1047,1,2018-04-24 20:41
1048,1,2018-04-24 20:41
1049,1,2018-04-24 20:41
1050,1,2018-04-24 20:41
1051,1,2018-04-24 20:41
1052,1,2018-04-24 20:41
1053,1,2018-04-24 20:41
1054,1,2018-04-24 20:41
1055,1,2018-04-24 20:41
1056,1,2018-04-24 20:41
1057,1,2018-04-24 20:41
1058,1,2018-04-24 20:41
1059,1,2018-04-24 20:41
1060,1,2018-04-24 20:41
1061,1,2018-04-24 20:41
1062,1,2018-04-24 20:41
1063,1,2018-04-24 20:41
1064,1,2018-04-24 20:41
1065,1,2018-04-24 20:41
1066,1,2018-04-24 20:41
1067,1,2018-04-24 20:41
1068,1,2018-04-24 20:41
1069,1,2018-04-24 20:41
1070,1,2018-04-24 20:41
1071,1,2018-04-24 20:41
1072,1,2018-04-24 20:41
1073,1,2018-04-24 20:41
1074,1,2018-04-24 20:41
1075,1,2018-04-24 20:41
1076,1,2018-04-24 20:41
1077,1,2018-04-24 20:41
1078,1,2018-04-24 20:41
1079,1,2018-04-24 20:41
1080,1,2018-04-24 20:41
1081,1,2018-04-24 20:41
1082,1,2018-04-24 20:41
1083,1,2018-04-24 20:41
1084,1,2018-04-24 20:41
1085,1,2018-04-24 20:41
1086,1,2018-04-24 20:41
1087,1,2018-04-24 20:41
1088,1,2018-04-24 20:41
1089,1,2018-04-24 20:41
1090,1,2018-04-24 20:41
1091,1,2018-04-24 20:41
1092,1,2018-04-24 20:41
1093,1,2018-04-24 20:41
1094,1,2018-04-24 20:41
1095,1,2018-04-24 20:41
1096,1,2018-04-24 20:41
1097,1,2018-04-24 20:41
1098,1,2018-04-24 20:41
1099,1,2018-04-24 20:41
1100,1,2018-04-24 20:41
1101,1,2018-04-24 20:41
1102,1,2018-04-24 20:41
1103,1,2018-04-24 20:41
1104,1,2018-04-24 20:41
1105,1,2018-04-24 20:41
1106,1,2018-04-24 20:41
1107,1,2018-04-24 20:41
1108,1,2018-04-24 20:41
1109,1,2018-04-24 20:41
1110,1,2018-04-24 20:41
1111,1,2018-04-24 20:41
1112,1,2018-04-24 20:41
1113,1,2018-04-24 20:41
1114,1,2018-04-24 20:41
1115,1,2018-04-24 20:41
1116,1,2018-04-24 20:41
1117,1,2018-04-24 20:41
1118,1,2018-04-24 20:41
1119,1,2018-04-24 20:41
1120,1,2018-04-24 20:41
1121,1,2018-04-24 20:41
1122,1,2018-04-24 20:41
1123,1,2018-04-24 20:41
1124,1,2018-04-24 20:41
1125,1,2018-04-24 20:41
1126,1,2018-04-24 20:41
1127,1,2018-04-24 20:41
1128,1,2018-04-24 20:41
1129,1,2018-04-24 20:41
1130,1,2018-04-24 20:41
1131,1,2018-04-24 20:41
1132,1,2018-04-24 20:41
1133,1,2018-04-24 20:41
1134,1,2018-04-24 20:41
1135,1,2018-04-24 20:41
1136,1,2018-04-24 20:41
1137,1,2018-04-24 20:41
1138,1,2018-04-24 20:41
1139,1,2018-04-24 20:41
1140,1,2018-04-24 20:41
1141,1,2018-04-24 20:41
1142,1,2018-04-24 20:41
1143,1,2018-04-24 20:41
1144,1,2018-04-24 20:41
1145,1,2018-04-24 20:41
1146,1,2018-04-24 20:41
1147,1,2018-04-24 20:41
1148,1,2018-04-24 20:41
1149,1,2018-04-24 20:41
1150,1,2018-04-24 20:41
1151,1,2018-04-24 20:41
1152,1,2018-04-24 20:41
1153,1,2018-04-24 20:41
1154,1,2018-04-24 20:41
1155,1,2018-04-24 20:41
1156,1,2018-04-24 20:41
1157,1,2018-04-24 20:41
1158,1,2018-04-24 20:41
1159,1,2018-04-24 20:41
1160,1,2018-04-24 20:41
1161,1,2018-04-24 20:41
1162,1,2018-04-24 20:41
1163,1,2018-04-24 20:41
1164,1,2018-04-24 20:41
1165,1,2018-04-24 20:41
1166,1,2018-04-24 20:41
1167,1,2018-04-24 20:41
1168,1,2018-04-24 20:41
1169,1,2018-04-24 20:41
1170,1,2018-04-24 20:41
1171,1,2018-04-24 20:41
1172,1,2018-04-24 20:41
1173,1,2018-04-24 20:41
1174,1,2018-04-24 20:41
1175,1,2018-04-24 20:41
1176,1,2018-04-24 20:41
1177,1,2018-04-24 20:41
1178,1,2018-04-24 20:41
1179,1,2018-04-24 20:41
1180,1,2018-04-24 20:41
1181,1,2018-04-24 20:41
1182,1,2018-04-24 20:41
1183,1,2018-04-24 20:41
1184,1,2018-04-24 20:41
1185,1,2018-04-24 20:41
1186,1,2018-04-24 20:41
1187,1,2018-04-24 20:41
1188,1,2018-04-24 20:41
1189,1,2018-04-24 20:41
1190,1,2018-04-24 20:41
1191,1,2018-04-24 20:41
1192,1,2018-04-24 20:41
1193,1,2018-04-24 20:41
1194,1,2018-04-24 20:41
1195,1,2018-04-24 20:41
1196,1,2018-04-24 20:41
1197,1,2018-04-24 20:41
1198,1,2018-04-24 20:41
1199,1,2018-04-24 20:41
1200,1,2018-04-24 20:41
1201,1,2018-04-24 20:41
1202,1,2018-04-24 20:41
1203,1,2018-04-24 20:41
1204,1,2018-04-24 20:41
1205,1,2018-04-24 20:41
1206,1,2018-04-24 20:41
1207,1,2018-04-24 20:41
1208,1,2018-04-24 20:41
1209,1,2018-04-24 20:41
1210,1,2018-04-24 20:41
1211,1,2018-04-24 20:41
1212,1,2018-04-24 20:41
1213,1,2018-04-24 20:41
1214,1,2018-04-24 20:41
1215,1,2018-04-24 20:41
1216,1,2018-04-24 20:41
1217,1,2018-04-24 20:41
1218,1,2018-04-24 20:41
1219,1,2018-04-24 20:41
1220,1,2018-04-24 20:41
1221,1,2018-04-24 20:41
1222,1,2018-04-24 20:41
1223,1,2018-04-24 20:41
1224,1,2018-04-24 20:41
1225,1,2018-04-24 20:41
1226,1,2018-04-24 20:41
1227,1,2018-04-24 20:41
1228,1,2018-04-24 20:41
1229,1,2018-04-24 20:41
1230,1,2018-04-24 20:41
1231,1,2018-04-24 20:41
1232,1,2018-04-24 20:41
1233,1,2018-04-24 20:41
1234,1,2018-04-24 20:41
1235,1,2018-04-24 20:41
1236,1,2018-04-24 20:41
1237,1,2018-04-24 20:41
1238,1,2018-04-24 20:41
1239,1,2018-04-24 20:41
1240,1,2018-04-24 20:41
1241,1,2018-04-24 20:41
1242,1,2018-04-24 20:41
1243,1,2018-04-24 20:41
1244,1,2018-04-24 20:41
1245,1,2018-04-24 20:41
1246,1,2018-04-24 20:41
1247,1,2018-04-24 20:41
1248,1,2018-04-24 20:41
1249,1,2018-04-24 20:41
1250,1,2018-04-24 20:41
1251,1,2018-04-24 20:41
1252,1,2018-04-24 20:41
1253,1,2018-04-24 20:41
1254,1,2018-04-24 20:41
1255,1,2018-04-24 20:41
1256,1,2018-04-24 20:41
1257,1,2018-04-24 20:41
1258,1,2018-04-24 20:41
1259,1,2018-04-24 20:41
1260,1,2018-04-24 20:41
1261,1,2018-04-24 20:41
1262,1,2018-04-24 20:41
1263,1,2018-04-24 20:41
1264,1,2018-04-24 20:41
1265,1,2018-04-24 20:41
1266,1,2018-04-24 20:41
1267,1,2018-04-24 20:41
1268,1,2018-04-24 20:41
1269,1,2018-04-24 20:41
1270,1,2018-04-24 20:41
1271,1,2018-04-24 20:41
1272,1,2018-04-24 20:41
1273,1,2018-04-24 20:41
1274,1,2018-04-24 20:41
1275,1,2018-04-24 20:41
1276,1,2018-04-24 20:41
1277,1,2018-04-24 20:41
1278,1,2018-04-24 20:41
1279,1,2018-04-24 20:41
1280,1,2018-04-24 20:41
1281,1,2018-04-24 20:41
1282,1,2018-04-24 20:41
1283,1,2018-04-24 20:41
1284,1,2018-04-24 20:41
1285,1,2018-04-24 20:41
1286,1,2018-04-24 20:41
1287,1,2018-04-24 20:41
1288,1,2018-04-24 20:41
1289,1,2018-04-24 20:41
1290,1,2018-04-24 20:41
1291,1,2018-04-24 20:41
1292,1,2018-04-24 20:41
1293,1,2018-04-24 20:41
1294,1,2018-04-24 20:41
1295,1,2018-04-24 20:41
1296,1,2018-04-24 20:41
1297,1,2018-04-24 20:41
1298,1,2018-04-24 20:41
1299,1,2018-04-24 20:41
1300,1,2018-04-24 20:41
1301,1,2018-04-24 20:41
1302,1,2018-04-24 20:41
1303,1,2018-04-24 20:41
1304,1,2018-04-24 20:41
1305,1,2018-04-24 20:41
1306,1,2018-04-24 20:41
1307,1,2018-04-24 20:41
1308,1,2018-04-24 20:41
1309,1,2018-04-24 20:41
1310,1,2018-04-24 20:41
1311,1,2018-04-24 20:41
1312,1,2018-04-24 20:41
1313,1,2018-04-24 20:41
1314,1,2018-04-24 20:41
1315,1,2018-04-24 20:41
1316,1,2018-04-24 20:41
1317,1,2018-04-24 20:41
1318,1,2018-04-24 20:41
1319,1,2018-04-24 20:41
1320,1,2018-04-24 20:41
1321,1,2018-04-24 20:41
1322,1,2018-04-24 20:41
1323,1,2018-04-24 20:41
1324,1,2018-04-24 20:41
1325,1,2018-04-24 20:41
1326,1,2018-04-24 20:41
1327,1,2018-04-24 20:41
1328,1,2018-04-24 20:41
1329,1,2018-04-24 20:41
1330,1,2018-04-24 20:41
1331,1,2018-04-24 20:41
1332,1,2018-04-24 20:41
1333,1,2018-04-24 20:41
1334,1,2018-04-24 20:41
1335,1,2018-04-24 20:41
1336,1,2018-04-24 20:41
1337,1,2018-04-24 20:41
1338,1,2018-04-24 20:41
1339,1,2018-04-24 20:41
1340,1,2018-04-24 20:41
1341,1,2018-04-24 20:41
1342,1,2018-04-24 20:41
1343,1,2018-04-24 20:41
1344,1,2018-04-24 20:41
1345,1,2018-04-24 20:41
1346,1,2018-04-24 20:41
1347,1,2018-04-24 20:41
1348,1,2018-04-24 20:41
1349,1,2018-04-24 20:41
1350,1,2018-04-24 20:41
1351,1,2018-04-24 20:41
1352,1,2018-04-24 20:41
1353,1,2018-04-24 20:41
1354,1,2018-04-24 20:41
1355,1,2018-04-24 20:41
1356,1,2018-04-24 20:41
1357,1,2018-04-24 20:41
1358,1,2018-04-24 20:41
1359,1,2018-04-24 20:41
1360,1,2018-04-24 20:41
1361,1,2018-04-24 20:41
1362,1,2018-04-24 20:41
1363,1,2018-04-24 20:41
1364,1,2018-04-24 20:41
1365,1,2018-04-24 20:41
1366,1,2018-04-24 20:41
1367,1,2018-04-24 20:41
1368,1,2018-04-24 20:41
1369,1,2018-04-24 20:41
1370,1,2018-04-24 20:41
1371,1,2018-04-24 20:41
1372,1,2018-04-24 20:41
1373,1,2018-04-24 20:41
1374,1,2018-04-24 20:41
1375,1,2018-04-24 20:41
1376,1,2018-04-24 20:41
1377,1,2018-04-24 20:41
1378,1,2018-04-24 20:41
1379,1,2018-04-24 20:41
1380,1,2018-04-24 20:41
1381,1,2018-04-24 20:41
1382,1,2018-04-24 20:41
1383,1,2018-04-24 20:41
1384,1,2018-04-24 20:41
1385,1,2018-04-24 20:41
1386,1,2018-04-24 20:41
1387,1,2018-04-24 20:41
1388,1,2018-04-24 20:41
1389,1,2018-04-24 20:41
1390,1,2018-04-24 20:41
1391,1,2018-04-24 20:41
1392,1,2018-04-24 20:41
1393,1,2018-04-24 20:41
1394,1,2018-04-24 20:41
1395,1,2018-04-24 20:41
1396,1,2018-04-24 20:41
1397,1,2018-04-24 20:41
1398,1,2018-04-24 20:41
1399,1,2018-04-24 20:41
1400,1,2018-04-24 20:41
1401,1,2018-04-24 20:41
1402,1,2018-04-24 20:41
1403,1,2018-04-24 20:41
1404,1,2018-04-24 20:41
1405,1,2018-04-24 20:41
1406,1,2018-04-24 20:41
1407,1,2018-04-24 20:41
1408,1,2018-04-24 20:41
1409,1,2018-04-24 20:41
1410,1,2018-04-24 20:41
1411,1,2018-04-24 20:41
1412,1,2018-04-24 20:41
1413,1,2018-04-24 20:41
1414,1,2018-04-24 20:41
1415,1,2018-04-24 20:41
1416,1,2018-04-24 20:41
1417,1,2018-04-24 20:41
1418,1,2018-04-24 20:41
1419,1,2018-04-24 20:41
1420,1,2018-04-24 20:41
1421,1,2018-04-24 20:41
1422,1,2018-04-24 20:41
1423,1,2018-04-24 20:41
1424,1,2018-04-24 20:41
1425,1,2018-04-24 20:41
1426,1,2018-04-24 20:41
1427,1,2018-04-24 20:41
1428,1,2018-04-24 20:41
1429,1,2018-04-24 20:41
1430,1,2018-04-24 20:41
1431,1,2018-04-24 20:41
1432,1,2018-04-24 20:41
1433,1,2018-04-24 20:41
1434,1,2018-04-24 20:41
1435,1,2018-04-24 20:41
1436,1,2018-04-24 20:41
1437,1,2018-04-24 20:41
1438,1,2018-04-24 20:41
1439,1,2018-04-24 20:41
1440,1,2018-04-24 20:41
1441,1,2018-04-24 20:41
1442,1,2018-04-24 20:41
1443,1,2018-04-24 20:41
1444,1,2018-04-24 20:41
1445,1,2018-04-24 20:41
1446,1,2018-04-24 20:41
1447,1,2018-04-24 20:41
1448,1,2018-04-24 20:41
1449,1,2018-04-24 20:41
1450,1,2018-04-24 20:41
1451,1,2018-04-24 20:41
1452,1,2018-04-24 20:41
1453,1,2018-04-24 20:41
1454,1,2018-04-24 20:41
1455,1,2018-04-24 20:41
1456,1,2018-04-24 20:41
1457,1,2018-04-24 20:41
1458,1,2018-04-24 20:41
1459,1,2018-04-24 20:41
1460,1,2018-04-24 20:41
1461,1,2018-04-24 20:41
1462,1,2018-04-24 20:41
1463,1,2018-04-24 20:41
1464,1,2018-04-24 20:41
1465,1,2018-04-24 20:41
1466,1,2018-04-24 20:41
1467,1,2018-04-24 20:41
1468,1,2018-04-24 20:41
1469,1,2018-04-24 20:41
1470,1,2018-04-24 20:41
1471,1,2018-04-24 20:41
1472,1,2018-04-24 20:41
1473,1,2018-04-24 20:41
1474,1,2018-04-24 20:41
1475,1,2018-04-24 20:41
1476,1,2018-04-24 20:41
1477,1,2018-04-24 20:41
1478,1,2018-04-24 20:41
1479,1,2018-04-24 20:41
1480,1,2018-04-24 20:41
1481,1,2018-04-24 20:41
1482,1,2018-04-24 20:41
1483,1,2018-04-24 20:41
1484,1,2018-04-24 20:41
1485,1,2018-04-24 20:41
1486,1,2018-04-24 20:41
1487,1,2018-04-24 20:41
1488,1,2018-04-24 20:41
1489,1,2018-04-24 20:41
1490,1,2018-04-24 20:41
1491,1,2018-04-24 20:41
1492,1,2018-04-24 20:41
1493,1,2018-04-24 20:41
1494,1,2018-04-24 20:41
1495,1,2018-04-24 20:41
1496,1,2018-04-24 20:41
1497,1,2018-04-24 20:41
1498,1,2018-04-24 20:41
1499,1,2018-04-24 20:41
1500,1,2018-04-24 20:41
1501,1,2018-04-24 20:41
1502,1,2018-04-24 20:41
1503,1,2018-04-24 20:41
1504,1,2018-04-24 20:41
1505,1,2018-04-24 20:41
1506,1,2018-04-24 20:41
1507,1,2018-04-24 20:41
1508,1,2018-04-24 20:41
1509,1,2018-04-24 20:41
1510,1,2018-04-24 20:41
1511,1,2018-04-24 20:41
1512,1,2018-04-24 20:41
1513,1,2018-04-24 20:41
1514,1,2018-04-24 20:41
1515,1,2018-04-24 20:41
1516,1,2018-04-24 20:41
1517,1,2018-04-24 20:41
1518,1,2018-04-24 20:41
1519,1,2018-04-24 20:41
1520,1,2018-04-24 20:41
1521,1,2018-04-24 20:41
1522,1,2018-04-24 20:41
1523,1,2018-04-24 20:41
1524,1,2018-04-24 20:41
1525,1,2018-04-24 20:41
1526,1,2018-04-24 20:41
1527,1,2018-04-24 20:41
1528,1,2018-04-24 20:41
1529,1,2018-04-24 20:41
1530,1,2018-04-24 20:41
1531,1,2018-04-24 20:41
1532,1,2018-04-24 20:41
1533,1,2018-04-24 20:41
1534,1,2018-04-24 20:41
1535,1,2018-04-24 20:41
1536,1,2018-04-24 20:41
1537,1,2018-04-24 20:41
1538,1,2018-04-24 20:41
1539,1,2018-04-24 20:41
1540,1,2018-04-24 20:41
1541,1,2018-04-24 20:41
1542,1,2018-04-24 20:41
1543,1,2018-04-24 20:41
1544,1,2018-04-24 20:41
1545,1,2018-04-24 20:41
1546,1,2018-04-24 20:41
1547,1,2018-04-24 20:41
1548,1,2018-04-24 20:41
1549,1,2018-04-24 20:41
1550,1,2018-04-24 20:41
1551,1,2018-04-24 20:41
1552,1,2018-04-24 20:41
1553,1,2018-04-24 20:41
1554,1,2018-04-24 20:41
1555,1,2018-04-24 20:41
1556,1,2018-04-24 20:41
1557,1,2018-04-24 20:41
1558,1,2018-04-24 20:41
1559,1,2018-04-24 20:41
1560,1,2018-04-24 20:41
1561,1,2018-04-24 20:41
1562,1,2018-04-24 20:41
1563,1,2018-04-24 20:41
1564,1,2018-04-24 20:41
1565,1,2018-04-24 20:41
1566,1,2018-04-24 20:41
1567,1,2018-04-24 20:41
1568,1,2018-04-24 20:41
1569,1,2018-04-24 20:41
1570,1,2018-04-24 20:41
1571,1,2018-04-24 20:41
1572,1,2018-04-24 20:41
1573,1,2018-04-24 20:41
1574,1,2018-04-24 20:41
1575,1,2018-04-24 20:41
1576,1,2018-04-24 20:41
1577,1,2018-04-24 20:41
1578,1,2018-04-24 20:41
1579,1,2018-04-24 20:41
1580,1,2018-04-24 20:41
1581,1,2018-04-24 20:41
1582,1,2018-04-24 20:41
1583,1,2018-04-24 20:41
1584,1,2018-04-24 20:41
1585,1,2018-04-24 20:41
1586,1,2018-04-24 20:41
1587,1,2018-04-24 20:41
1588,1,2018-04-24 20:41
1589,1,2018-04-24 20:41
1590,1,2018-04-24 20:41
1591,1,2018-04-24 20:41
1592,1,2018-04-24 20:41
1593,1,2018-04-24 20:41
1594,1,2018-04-24 20:41
1595,1,2018-04-24 20:41
1596,1,2018-04-24 20:41
1597,1,2018-04-24 20:41
1598,1,2018-04-24 20:41
1599,1,2018-04-24 20:41
1600,1,2018-04-24 20:41
1601,1,2018-04-24 20:41
1602,1,2018-04-24 20:41
1603,1,2018-04-24 20:41
1604,1,2018-04-24 20:41
1605,1,2018-04-24 20:41
1606,1,2018-04-24 20:41
1607,1,2018-04-24 20:41
1608,1,2018-04-24 20:41
1609,1,2018-04-24 20:41
1610,1,2018-04-24 20:41
1611,1,2018-04-24 20:41
1612,1,2018-04-24 20:41
1613,1,2018-04-24 20:41
1614,1,2018-04-24 20:41
1615,1,2018-04-24 20:41
1616,1,2018-04-24 20:41
1617,1,2018-04-24 20:41
1618,1,2018-04-24 20:41
1619,1,2018-04-24 20:41
1620,1,2018-04-24 20:41
1621,1,2018-04-24 20:41
1622,1,2018-04-24 20:41
1623,1,2018-04-24 20:41
1624,1,2018-04-24 20:41
1625,1,2018-04-24 20:41
1626,1,2018-04-24 20:41
1627,1,2018-04-24 20:41
1628,1,2018-04-24 20:41
1629,1,2018-04-24 20:41
1630,1,2018-04-24 20:41
1631,1,2018-04-24 20:41
1632,1,2018-04-24 20:41
1633,1,2018-04-24 20:41
1634,1,2018-04-24 20:41
1635,1,2018-04-24 20:41
1636,1,2018-04-24 20:41
1637,1,2018-04-24 20:41
1638,1,2018-04-24 20:41
1639,1,2018-04-24 20:41
1640,1,2018-04-24 20:41
1641,1,2018-04-24 20:41
1642,1,2018-04-24 20:41
1643,1,2018-04-24 20:41
1644,1,2018-04-24 20:41
1645,1,2018-04-24 20:41
1646,1,2018-04-24 20:41
1647,1,2018-04-24 20:41
1648,1,2018-04-24 20:41
1649,1,2018-04-24 20:41
1650,1,2018-04-24 20:41
1651,1,2018-04-24 20:41
1652,1,2018-04-24 20:41
1653,1,2018-04-24 20:41
1654,1,2018-04-24 20:41
1655,1,2018-04-24 20:41
1656,1,2018-04-24 20:41
1657,1,2018-04-24 20:41
1658,1,2018-04-24 20:41
1659,1,2018-04-24 20:41
1660,1,2018-04-24 20:41
1661,1,2018-04-24 20:41
1662,1,2018-04-24 20:41
1663,1,2018-04-24 20:41
1664,1,2018-04-24 20:41
1665,1,2018-04-24 20:41
1666,1,2018-04-24 20:41
1667,1,2018-04-24 20:41
1668,1,2018-04-24 20:41
1669,1,2018-04-24 20:41
1670,1,2018-04-24 20:41
1671,1,2018-04-24 20:41
1672,1,2018-04-24 20:41
1673,1,2018-04-24 20:41
1674,1,2018-04-24 20:41
1675,1,2018-04-24 20:41
1676,1,2018-04-24 20:41
1677,1,2018-04-24 20:41
1678,1,2018-04-24 20:41
1679,1,2018-04-24 20:41
1680,1,2018-04-24 20:41
1681,1,2018-04-24 20:41
1682,1,2018-04-24 20:41
1683,1,2018-04-24 20:41
1684,1,2018-04-24 20:41
1685,1,2018-04-24 20:41
1686,1,2018-04-24 20:41
1687,1,2018-04-24 20:41
1688,1,2018-04-24 20:41
1689,1,2018-04-24 20:41
1690,1,2018-04-24 20:41
1691,1,2018-04-24 20:41
1692,1,2018-04-24 20:41
1693,1,2018-04-24 20:41
1694,1,2018-04-24 20:41
1695,1,2018-04-24 20:41
1696,1,2018-04-24 20:41
1697,1,2018-04-24 20:41
1698,1,2018-04-24 20:41
1699,1,2018-04-24 20:41
1700,1,2018-04-24 20:41
1701,1,2018-04-24 20:41
1702,1,2018-04-24 20:41
1703,1,2018-04-24 20:41
1704,1,2018-04-24 20:41
1705,1,2018-04-24 20:41
1706,1,2018-04-24 20:41
1707,1,2018-04-24 20:41
1708,1,2018-04-24 20:41
1709,1,2018-04-24 20:41
1710,1,2018-04-24 20:41
1711,1,2018-04-24 20:41
1712,1,2018-04-24 20:41
1713,1,2018-04-24 20:41
1714,1,2018-04-24 20:41
1715,1,2018-04-24 20:41
1716,1,2018-04-24 20:41
1717,1,2018-04-24 20:41
1718,1,2018-04-24 20:41
1719,1,2018-04-24 20:41
1720,1,2018-04-24 20:41
1721,1,2018-04-24 20:41
1722,1,2018-04-24 20:41
1723,1,2018-04-24 20:41
1724,1,2018-04-24 20:41
1725,1,2018-04-24 20:41
1726,1,2018-04-24 20:41
1727,1,2018-04-24 20:41
1728,1,2018-04-24 20:41
1729,1,2018-04-24 20:41
1730,1,2018-04-24 20:41
1731,1,2018-04-24 20:41
1732,1,2018-04-24 20:41
1733,1,2018-04-24 20:41
1734,1,2018-04-24 20:41
1735,1,2018-04-24 20:41
1736,1,2018-04-24 20:41
1737,1,2018-04-24 20:41
1738,1,2018-04-24 20:41
1739,1,2018-04-24 20:41
1740,1,2018-04-24 20:41
1741,1,2018-04-24 20:41
1742,1,2018-04-24 20:41
1743,1,2018-04-24 20:41
1744,1,2018-04-24 20:41
1745,1,2018-04-24 20:41
1746,1,2018-04-24 20:41
1747,1,2018-04-24 20:41
1748,1,2018-04-24 20:41
1749,1,2018-04-24 20:41
1750,1,2018-04-24 20:41
1751,1,2018-04-24 20:41
1752,1,2018-04-24 20:41
1753,1,2018-04-24 20:41
1754,1,2018-04-24 20:41
1755,1,2018-04-24 20:41
1756,1,2018-04-24 20:41
1757,1,2018-04-24 20:41
1758,1,2018-04-24 20:41
1759,1,2018-04-24 20:41
1760,1,2018-04-24 20:41
1761,1,2018-04-24 20:41
1762,1,2018-04-24 20:41
1763,1,2018-04-24 20:41
1764,1,2018-04-24 20:41
1765,1,2018-04-24 20:41
1766,1,2018-04-24 20:41
1767,1,2018-04-24 20:41
1768,1,2018-04-24 20:41
1769,1,2018-04-24 20:41
1770,1,2018-04-24 20:41
1771,1,2018-04-24 20:41
1772,1,2018-04-24 20:41
1773,1,2018-04-24 20:41
1774,1,2018-04-24 20:41
1775,1,2018-04-24 20:41
1776,1,2018-04-24 20:41
1777,1,2018-04-24 20:41
1778,1,2018-04-24 20:41
1779,1,2018-04-24 20:41
1780,1,2018-04-24 20:41
1781,1,2018-04-24 20:41
1782,1,2018-04-24 20:41
1783,1,2018-04-24 20:41
1784,1,2018-04-24 20:41
1785,1,2018-04-24 20:41
1786,1,2018-04-24 20:41
1787,1,2018-04-24 20:41
1788,1,2018-04-24 20:41
1789,1,2018-04-24 20:41
1790,1,2018-04-24 20:41
1791,1,2018-04-24 20:41
1792,1,2018-04-24 20:41
1793,1,2018-04-24 20:41
1794,1,2018-04-24 20:41
1795,1,2018-04-24 20:41
1796,1,2018-04-24 20:41
1797,1,2018-04-24 20:41
1798,1,2018-04-24 20:41
1799,1,2018-04-24 20:41
1800,1,2018-04-24 20:41
1801,1,2018-04-24 20:41
1802,1,2018-04-24 20:41
1803,1,2018-04-24 20:41
1804,1,2018-04-24 20:41
1805,1,2018-04-24 20:41
1806,1,2018-04-24 20:41
1807,1,2018-04-24 20:41
1808,1,2018-04-24 20:41
1809,1,2018-04-24 20:41
1810,1,2018-04-24 20:41
1811,1,2018-04-24 20:41
1812,1,2018-04-24 20:41
1813,1,2018-04-24 20:41
1814,1,2018-04-24 20:41
1815,1,2018-04-24 20:41
1816,1,2018-04-24 20:41
1817,1,2018-04-24 20:41
1818,1,2018-04-24 20:41
1819,1,2018-04-24 20:41
1820,1,2018-04-24 20:41
1821,1,2018-04-24 20:41
1822,1,2018-04-24 20:41
1823,1,2018-04-24 20:41
1824,1,2018-04-24 20:41
1825,1,2018-04-24 20:41
1826,1,2018-04-24 20:41
1827,1,2018-04-24 20:41
1828,1,2018-04-24 20:41
1829,1,2018-04-24 20:41
1830,1,2018-04-24 20:41
1831,1,2018-04-24 20:41
1832,1,2018-04-24 20:41
1833,1,2018-04-24 20:41
1834,1,2018-04-24 20:41
1835,1,2018-04-24 20:41
1836,1,2018-04-24 20:41
1837,1,2018-04-24 20:41
1838,1,2018-04-24 20:41
1839,1,2018-04-24 20:41
1840,1,2018-04-24 20:41
1841,1,2018-04-24 20:41
1842,1,2018-04-24 20:41
1843,1,2018-04-24 20:41
1844,1,2018-04-24 20:41
1845,1,2018-04-24 20:41
1846,1,2018-04-24 20:41
1847,1,2018-04-24 20:41
1848,1,2018-04-24 20:41
1849,1,2018-04-24 20:41
1850,1,2018-04-24 20:41
1851,1,2018-04-24 20:41
1852,1,2018-04-24 20:41
1853,1,2018-04-24 20:41
1854,1,2018-04-24 20:41
1855,1,2018-04-24 20:41
1856,1,2018-04-24 20:41
1857,1,2018-04-24 20:41
1858,1,2018-04-24 20:41
1859,1,2018-04-24 20:41
1860,1,2018-04-24 20:41
1861,1,2018-04-24 20:41
1862,1,2018-04-24 20:41
1863,1,2018-04-24 20:41
1864,1,2018-04-24 20:41
1865,1,2018-04-24 20:41
1866,1,2018-04-24 20:41
1867,1,2018-04-24 20:41
1868,1,2018-04-24 20:41
1869,1,2018-04-24 20:41
1870,1,2018-04-24 20:41
1871,1,2018-04-24 20:41
1872,1,2018-04-24 20:41
1873,1,2018-04-24 20:41
1874,1,2018-04-24 20:41
1875,1,2018-04-24 20:41
1876,1,2018-04-24 20:41
1877,1,2018-04-24 20:41
1878,1,2018-04-24 20:41
1879,1,2018-04-24 20:41
1880,1,2018-04-24 20:41
1881,1,2018-04-24 20:41
1882,1,2018-04-24 20:41
1883,1,2018-04-24 20:41
1884,1,2018-04-24 20:41
1885,1,2018-04-24 20:41
1886,1,2018-04-24 20:41
1887,1,2018-04-24 20:41
1888,1,2018-04-24 20:41
1889,1,2018-04-24 20:41
1890,1,2018-04-24 20:41
1891,1,2018-04-24 20:41
1892,1,2018-04-24 20:41
1893,1,2018-04-24 20:41
1894,1,2018-04-24 20:41
1895,1,2018-04-24 20:41
1896,1,2018-04-24 20:41
1897,1,2018-04-24 20:41
1898,1,2018-04-24 20:41
1899,1,2018-04-24 20:41
1900,1,2018-04-24 20:41
1901,1,2018-04-24 20:41
1902,1,2018-04-24 20:41
1903,1,2018-04-24 20:41
1904,1,2018-04-24 20:41
1905,1,2018-04-24 20:41
1906,1,2018-04-24 20:41
1907,1,2018-04-24 20:41
1908,1,2018-04-24 20:41
1909,1,2018-04-24 20:41
1910,1,2018-04-24 20:41
1911,1,2018-04-24 20:41
1912,1,2018-04-24 20:41
1913,1,2018-04-24 20:41
1914,1,2018-04-24 20:41
1915,1,2018-04-24 20:41
1916,1,2018-04-24 20:41
1917,1,2018-04-24 20:41
1918,1,2018-04-24 20:41
1919,1,2018-04-24 20:41
1920,1,2018-04-24 20:41
1921,1,2018-04-24 20:41
1922,1,2018-04-24 20:41
1923,1,2018-04-24 20:41
1924,1,2018-04-24 20:41
1925,1,2018-04-24 20:41
1926,1,2018-04-24 20:41
1927,1,2018-04-24 20:41
1928,1,2018-04-24 20:41
1929,1,2018-04-24 20:41
1930,1,2018-04-24 20:41
1931,1,2018-04-24 20:41
1932,1,2018-04-24 20:41
1933,1,2018-04-24 20:41
1934,1,2018-04-24 20:41
1935,1,2018-04-24 20:41
1936,1,2018-04-24 20:41
1937,1,2018-04-24 20:41
1938,1,2018-04-24 20:41
1939,1,2018-04-24 20:41
1940,1,2018-04-24 20:41
1941,1,2018-04-24 20:41
1942,1,2018-04-24 20:41
1943,1,2018-04-24 20:41
1944,1,2018-04-24 20:41
1945,1,2018-04-24 20:41
1946,1,2018-04-24 20:41
1947,1,2018-04-24 20:41
1948,1,2018-04-24 20:41
1949,1,2018-04-24 20:41
1950,1,2018-04-24 20:41
1951,1,2018-04-24 20:41
1952,1,2018-04-24 20:41
1953,1,2018-04-24 20:41
1954,1,2018-04-24 20:41
1955,1,2018-04-24 20:41
1956,1,2018-04-24 20:41
1957,1,2018-04-24 20:41
1958,1,2018-04-24 20:41
1959,1,2018-04-24 20:41
1960,1,2018-04-24 20:41
1961,1,2018-04-24 20:41
1962,1,2018-04-24 20:41
1963,1,2018-04-24 20:41
1964,1,2018-04-24 20:41
1965,1,2018-04-24 20:41
1966,1,2018-04-24 20:41
1967,1,2018-04-24 20:41
1968,1,2018-04-24 20:41
1969,1,2018-04-24 20:41
1970,1,2018-04-24 20:41
1971,1,2018-04-24 20:41
1972,1,2018-04-24 20:41
1973,1,2018-04-24 20:41
1974,1,2018-04-24 20:41
1975,1,2018-04-24 20:41
1976,1,2018-04-24 20:41
1977,1,2018-04-24 20:41
1978,1,2018-04-24 20:41
1979,1,2018-04-24 20:41
1980,1,2018-04-24 20:41
1981,1,2018-04-24 20:41
1982,1,2018-04-24 20:41
1983,1,2018-04-24 20:41
1984,1,2018-04-24 20:41
1985,1,2018-04-24 20:41
1986,1,2018-04-24 20:41
1987,1,2018-04-24 20:41
1988,1,2018-04-24 20:41
1989,1,2018-04-24 20:41
1990,1,2018-04-24 20:41
1991,1,2018-04-24 20:41
1992,1,2018-04-24 20:41
1993,1,2018-04-24 20:41
1994,1,2018-04-24 20:41
1995,1,2018-04-24 20:41
1996,1,2018-04-24 20:41
1997,1,2018-04-24 20:41
1998,1,2018-04-24 20:41
1999,1,2018-04-24 20:41
2000,1,2018-04-24 20:41
2001,1,2018-04-24 20:41
2002,1,2018-04-24 20:41
2003,1,2018-04-24 20:41
2004,1,2018-04-24 20:41
2005,1,2018-04-24 20:41
2006,1,2018-04-24 20:41
2007,1,2018-04-24 20:41
2008,1,2018-04-24 20:41
2009,1,2018-04-24 20:41
2010,1,2018-04-24 20:41
2011,1,2018-04-24 20:41
2012,1,2018-04-24 20:41
2013,1,2018-04-24 20:41
2014,1,2018-04-24 20:41
2015,1,2018-04-24 20:41
2016,1,2018-04-24 20:41
2017,1,2018-04-24 20:41
2018,1,2018-04-24 20:41
2019,1,2018-04-24 20:41
2020,1,2018-04-24 20:41
2021,1,2018-04-24 20:41
2022,1,2018-04-24 20:41
2023,1,2018-04-24 20:41
2024,1,2018-04-24 20:41
2025,1,2018-04-24 20:41
2026,1,2018-04-24 20:41
2027,1,2018-04-24 20:41
2028,1,2018-04-24 20:41
2029,1,2018-04-24 20:41
2030,1,2018-04-24 20:41
2031,1,2018-04-24 20:41
2032,1,2018-04-24 20:41
2033,1,2018-04-24 20:41
2034,1,2018-04-24 20:41
2035,1,2018-04-24 20:41
2036,1,2018-04-24 20:41
2037,1,2018-04-24 20:41
2038,1,2018-04-24 20:41
2039,1,2018-04-24 20:41
2040,1,2018-04-24 20:41
2041,1,2018-04-24 20:41
2042,1,2018-04-24 20:41
2043,1,2018-04-24 20:41
2044,0,2018-04-24 20:41
2045,1,2018-04-24 20:41
2046,0,2018-04-24 20:41
2047,0,2018-04-24 20:41
2048,1,2018-04-24 20:41
2049,0,2018-04-24 20:41
2050,0,2018-04-24 20:41
2051,1,2018-04-24 20:41
2052,1,2018-04-24 20:41
2053,1,2018-04-24 20:41
2054,0,2018-04-24 20:41
2055,1,2018-04-24 20:41
2056,0,2018-04-24 20:41
2057,1,2018-04-24 20:41
2058,1,2018-04-24 20:41
2059,0,2018-04-24 20:41
2060,0,2018-04-24 20:41
2061,0,2018-04-24 20:41
2062,0,2018-04-24 20:41
2063,1,2018-04-24 20:41
2064,0,2018-04-24 20:41
2065,1,2018-04-24 20:41
2066,0,2018-04-24 20:41
2067,0,2018-04-24 20:41
2068,0,2018-04-24 20:41
2069,1,2018-04-24 20:41
2070,0,2018-04-24 20:41
2071,0,2018-04-24 20:41
2072,1,2018-04-24 20:41
2073,1,2018-04-24 20:41
2074,0,2018-04-24 20:41
2075,1,2018-04-24 20:41
2076,0,2018-04-24 20:41
2077,0,2018-04-24 20:41
2078,0,2018-04-24 20:41
2079,0,2018-04-24 20:41
2080,1,2018-04-24 20:41
2081,0,2018-04-24 20:41
2082,0,2018-04-24 20:41
2083,0,2018-04-24 20:41
2084,0,2018-04-24 20:41
2085,0,2018-04-24 20:41
2086,1,2018-04-24 20:41
2087,0,2018-04-24 20:41
2088,1,2018-04-24 20:41
2089,0,2018-04-24 20:41
2090,0,2018-04-24 20:41
2091,1,2018-04-24 20:41
2092,0,2018-04-24 20:41
2093,1,2018-04-24 20:41
2094,0,2018-04-24 20:41
2095,0,2018-04-24 20:41
2096,0,2018-04-24 20:41
2097,1,2018-04-24 20:41
2098,0,2018-04-24 20:41
2099,0,2018-04-24 20:41
2100,0,2018-04-24 20:41
2101,0,2018-04-24 20:41
2102,0,2018-04-24 20:41
2103,1,2018-04-24 20:41
2104,1,2018-04-24 20:41
2105,0,2018-04-24 20:41
2106,0,2018-04-24 20:41
2107,1,2018-04-24 20:41
2108,1,2018-04-24 20:41
2109,0,2018-04-24 20:41
2110,1,2018-04-24 20:41
2111,0,2018-04-24 20:41
2112,0,2018-04-24 20:41
2113,0,2018-04-24 20:41
2114,0,2018-04-24 20:41
2115,0,2018-04-24 20:41
2116,0,2018-04-24 20:41
2117,1,2018-04-24 20:41
2118,1,2018-04-24 20:41
2119,0,2018-04-24 20:41
2120,0,2018-04-24 20:41
2121,0,2018-04-24 20:41
2122,0,2018-04-24 20:41
2123,1,2018-04-24 20:41
2124,0,2018-04-24 20:41
2125,1,2018-04-24 20:41
2126,0,2018-04-24 20:41
2127,1,2018-04-24 20:41
2128,1,2018-04-24 20:41
2129,0,2018-04-24 20:41
2130,0,2018-04-24 20:41
2131,1,2018-04-24 20:41
2132,0,2018-04-24 20:41
2133,0,2018-04-24 20:41
2134,0,2018-04-24 20:41
2135,0,2018-04-24 20:41
2136,0,2018-04-24 20:41
2137,0,2018-04-24 20:41
2138,1,2018-04-24 20:41
2139,1,2018-04-24 20:41
2140,0,2018-04-24 20:41
2141,0,2018-04-24 20:41
2142,1,2018-04-24 20:41
2143,0,2018-04-24 20:41
2144,0,2018-04-24 20:41
2145,1,2018-04-24 20:41
2146,0,2018-04-24 20:41
2147,0,2018-04-24 20:41
2148,0,2018-04-24 20:41
2149,1,2018-04-24 20:41
2150,0,2018-04-24 20:41
2151,0,2018-04-24 20:41
2152,1,2018-04-24 20:41
2153,0,2018-04-24 20:41
2154,0,2018-04-24 20:41
2155,0,2018-04-24 20:41
2156,1,2018-04-24 20:41
2157,0,2018-04-24 20:41
2158,1,2018-04-24 20:41
2159,0,2018-04-24 20:41
2160,1,2018-04-24 20:41
2161,0,2018-04-24 20:41
2162,0,2018-04-24 20:41
2163,0,2018-04-24 20:41
2164,0,2018-04-24 20:41
2165,1,2018-04-24 20:41
2166,1,2018-04-24 20:41
2167,0,2018-04-24 20:41
2168,0,2018-04-24 20:41
2169,0,2018-04-24 20:41
2170,0,2018-04-24 20:41
2171,1,2018-04-24 20:41
2172,0,2018-04-24 20:41
2173,0,2018-04-24 20:41
2174,0,2018-04-24 20:41
2175,0,2018-04-24 20:41
2176,1,2018-04-24 20:41
2177,0,2018-04-24 20:41
2178,0,2018-04-24 20:41
2179,1,2018-04-24 20:41
2180,0,2018-04-24 20:41
2181,0,2018-04-24 20:41
2182,0,2018-04-24 20:41
2183,1,2018-04-24 20:41
2184,0,2018-04-24 20:41
2185,0,2018-04-24 20:41
2186,1,2018-04-24 20:41
2187,1,2018-04-24 20:41
2188,0,2018-04-24 20:41
2189,0,2018-04-24 20:41
2190,1,2018-04-24 20:41
2191,1,2018-04-24 20:41
2192,0,2018-04-24 20:41
2193,0,2018-04-24 20:41
2194,0,2018-04-24 20:41
2195,0,2018-04-24 20:41
2196,0,2018-04-24 20:41
2197,0,2018-04-24 20:41
2198,0,2018-04-24 20:41
2199,0,2018-04-24 20:41
2200,1,2018-04-24 20:41
2201,0,2018-04-24 20:41
2202,0,2018-04-24 20:41
2203,0,2018-04-24 20:41
2204,1,2018-04-24 20:41
2205,0,2018-04-24 20:41
2206,0,2018-04-24 20:41
2207,1,2018-04-24 20:41
2208,1,2018-04-24 20:41
2209,0,2018-04-24 20:41
2210,0,2018-04-24 20:41
2211,0,2018-04-24 20:41
2212,1,2018-04-24 20:41
2213,0,2018-04-24 20:41
2214,0,2018-04-24 20:41
2215,0,2018-04-24 20:41
2216,1,2018-04-24 20:41
2217,1,2018-04-24 20:41
2218,1,2018-04-24 20:41
2219,0,2018-04-24 20:41
2220,0,2018-04-24 20:41
2221,0,2018-04-24 20:41
2222,0,2018-04-24 20:41
2223,0,2018-04-24 20:41
2224,1,2018-04-24 20:41
2225,1,2018-04-24 20:41
2226,0,2018-04-24 20:41
2227,1,2018-04-24 20:41
2228,0,2018-04-24 20:41
2229,1,2018-04-24 20:41
2230,0,2018-04-24 20:41
2231,1,2018-04-24 20:41
2232,0,2018-04-24 20:41
2233,0,2018-04-24 20:41
2234,1,2018-04-24 20:41
2235,0,2018-04-24 20:41
2236,1,2018-04-24 20:41
2237,0,2018-04-24 20:41
2238,1,2018-04-24 20:41
2239,0,2018-04-24 20:41
2240,0,2018-04-24 20:41
2241,0,2018-04-24 20:41
2242,1,2018-04-24 20:41
2243,0,2018-04-24 20:41
2244,0,2018-04-24 20:41
2245,1,2018-04-24 20:41
2246,1,2018-04-24 20:41
2247,0,2018-04-24 20:41
2248,1,2018-04-24 20:41
2249,0,2018-04-24 20:41
2250,0,2018-04-24 20:41
2251,0,2018-04-24 20:41
2252,0,2018-04-24 20:41
2253,0,2018-04-24 20:41
2254,0,2018-04-24 20:41
2255,0,2018-04-24 20:41
2256,0,2018-04-24 20:41
2257,0,2018-04-24 20:41
2258,0,2018-04-24 20:41
2259,0,2018-04-24 20:41
2260,0,2018-04-24 20:41
2261,0,2018-04-24 20:41
2262,0,2018-04-24 20:41
2263,0,2018-04-24 20:41
2264,0,2018-04-24 20:41
2265,1,2018-04-24 20:41
2266,1,2018-04-24 20:41
2267,1,2018-04-24 20:41
2268,0,2018-04-24 20:41
2269,0,2018-04-24 20:41
2270,1,2018-04-24 20:41
2271,1,2018-04-24 20:41
2272,0,2018-04-24 20:41
2273,1,2018-04-24 20:41
2274,0,2018-04-24 20:41
2275,1,2018-04-24 20:41
2276,0,2018-04-24 20:41
2277,0,2018-04-24 20:41
2278,1,2018-04-24 20:41
2279,0,2018-04-24 20:41
2280,0,2018-04-24 20:41
2281,1,2018-04-24 20:41
2282,0,2018-04-24 20:41
2283,1,2018-04-24 20:41
2284,1,2018-04-24 20:41
2285,0,2018-04-24 20:41
2286,0,2018-04-24 20:41
2287,0,2018-04-24 20:41
2288,0,2018-04-24 20:41
2289,0,2018-04-24 20:41
2290,1,2018-04-24 20:41
2291,0,2018-04-24 20:41
2292,1,2018-04-24 20:41
2293,1,2018-04-24 20:41
2294,0,2018-04-24 20:41
2295,1,2018-04-24 20:41
2296,0,2018-04-24 20:41
2297,0,2018-04-24 20:41
2298,0,2018-04-24 20:41
2299,0,2018-04-24 20:41
2300,0,2018-04-24 20:41
2301,0,2018-04-24 20:41
2302,0,2018-04-24 20:41
2303,1,2018-04-24 20:41
2304,0,2018-04-24 20:41
2305,0,2018-04-24 20:41
2306,0,2018-04-24 20:41
2307,1,2018-04-24 20:41
2308,1,2018-04-24 20:41
2309,0,2018-04-24 20:41
2310,0,2018-04-24 20:41
2311,1,2018-04-24 20:41
2312,0,2018-04-24 20:41
2313,1,2018-04-24 20:41
2314,0,2018-04-24 20:41
2315,0,2018-04-24 20:41
2316,1,2018-04-24 20:41
2317,1,2018-04-24 20:41
2318,0,2018-04-24 20:41
2319,0,2018-04-24 20:41
2320,0,2018-04-24 20:41
2321,1,2018-04-24 20:41
2322,0,2018-04-24 20:41
2323,1,2018-04-24 20:41
2324,0,2018-04-24 20:41
2325,0,2018-04-24 20:41
2326,1,2018-04-24 20:41
2327,0,2018-04-24 20:41
2328,0,2018-04-24 20:41
2329,0,2018-04-24 20:41
2330,1,2018-04-24 20:41
2331,1,2018-04-24 20:41
2332,0,2018-04-24 20:41
2333,1,2018-04-24 20:41
2334,0,2018-04-24 20:41
2335,1,2018-04-24 20:41
2336,0,2018-04-24 20:41
2337,1,2018-04-24 20:41
2338,0,2018-04-24 20:41
2339,0,2018-04-24 20:41
2340,0,2018-04-24 20:41
2341,0,2018-04-24 20:41
2342,0,2018-04-24 20:41
2343,0,2018-04-24 20:41
2344,1,2018-04-24 20:41
2345,1,2018-04-24 20:41
2346,0,2018-04-24 20:41
2347,0,2018-04-24 20:41
2348,0,2018-04-24 20:41
2349,0,2018-04-24 20:41
2350,1,2018-04-24 20:41
2351,0,2018-04-24 20:41
2352,1,2018-04-24 20:41
2353,0,2018-04-24 20:41
2354,0,2018-04-24 20:41
2355,0,2018-04-24 20:41
2356,0,2018-04-24 20:41
2357,0,2018-04-24 20:41
2358,0,2018-04-24 20:41
2359,0,2018-04-24 20:41
2360,1,2018-04-24 20:41
2361,0,2018-04-24 20:41
2362,1,2018-04-24 20:41
2363,0,2018-04-24 20:41
2364,0,2018-04-24 20:41
2365,0,2018-04-24 20:41
2366,0,2018-04-24 20:41
2367,1,2018-04-24 20:41
2368,1,2018-04-24 20:41
2369,1,2018-04-24 20:41
2370,0,2018-04-24 20:41
2371,1,2018-04-24 20:41
2372,0,2018-04-24 20:41
2373,1,2018-04-24 20:41
2374,0,2018-04-24 20:41
2375,1,2018-04-24 20:41
2376,0,2018-04-24 20:41
2377,1,2018-04-24 20:41
2378,0,2018-04-24 20:41
2379,0,2018-04-24 20:41
2380,0,2018-04-24 20:41
2381,0,2018-04-24 20:41
2382,0,2018-04-24 20:41
2383,0,2018-04-24 20:41
2384,0,2018-04-24 20:41
2385,0,2018-04-24 20:41
2386,1,2018-04-24 20:41
2387,0,2018-04-24 20:41
2388,0,2018-04-24 20:41
2389,0,2018-04-24 20:41
2390,0,2018-04-24 20:41
2391,0,2018-04-24 20:41
2392,1,2018-04-24 20:41
2393,1,2018-04-24 20:41
2394,0,2018-04-24 20:41
2395,0,2018-04-24 20:41
2396,0,2018-04-24 20:41
2397,1,2018-04-24 20:41
2398,1,2018-04-24 20:41
2399,1,2018-04-24 20:41
2400,0,2018-04-24 20:41
2401,0,2018-04-24 20:41
2402,0,2018-04-24 20:41
2403,0,2018-04-24 20:41
2404,0,2018-04-24 20:41
2405,0,2018-04-24 20:41
2406,0,2018-04-24 20:41
2407,1,2018-04-24 20:41
2408,0,2018-04-24 20:41
2409,1,2018-04-24 20:41
2410,0,2018-04-24 20:41
2411,0,2018-04-24 20:41
2412,0,2018-04-24 20:41
2413,0,2018-04-24 20:41
2414,0,2018-04-24 20:41
2415,0,2018-04-24 20:41
2416,1,2018-04-24 20:41
2417,0,2018-04-24 20:41
2418,0,2018-04-24 20:41
2419,0,2018-04-24 20:41
2420,0,2018-04-24 20:41
2421,0,2018-04-24 20:41
2422,0,2018-04-24 20:41
2423,1,2018-04-24 20:41
2424,0,2018-04-24 20:41
2425,0,2018-04-24 20:41
2426,1,2018-04-24 20:41
2427,1,2018-04-24 20:41
2428,0,2018-04-24 20:41
2429,0,2018-04-24 20:41
2430,0,2018-04-24 20:41
2431,0,2018-04-24 20:41
2432,0,2018-04-24 20:41
2433,0,2018-04-24 20:41
2434,0,2018-04-24 20:41
2435,0,2018-04-24 20:41
2436,0,2018-04-24 20:41
2437,1,2018-04-24 20:41
2438,1,2018-04-24 20:41
2439,0,2018-04-24 20:41
2440,1,2018-04-24 20:41
2441,0,2018-04-24 20:41
2442,1,2018-04-24 20:41
2443,0,2018-04-24 20:41
2444,0,2018-04-24 20:41
2445,0,2018-04-24 20:41
2446,0,2018-04-24 20:41
2447,0,2018-04-24 20:41
2448,1,2018-04-24 20:41
2449,0,2018-04-24 20:41
2450,1,2018-04-24 20:41
2451,1,2018-04-24 20:41
2452,0,2018-04-24 20:41
2453,0,2018-04-24 20:41
2454,0,2018-04-24 20:41
2455,0,2018-04-24 20:41
2456,0,2018-04-24 20:41
2457,0,2018-04-24 20:41
2458,0,2018-04-24 20:41
2459,0,2018-04-24 20:41
2460,0,2018-04-24 20:41
2461,1,2018-04-24 20:41
2462,0,2018-04-24 20:41
2463,0,2018-04-24 20:41
2464,0,2018-04-24 20:41
2465,1,2018-04-24 20:41
2466,0,2018-04-24 20:41
2467,0,2018-04-24 20:41
2468,1,2018-04-24 20:41
2469,0,2018-04-24 20:41
2470,1,2018-04-24 20:41
2471,0,2018-04-24 20:41
2472,0,2018-04-24 20:41
2473,0,2018-04-24 20:41
2474,0,2018-04-24 20:41
2475,0,2018-04-24 20:41
2476,0,2018-04-24 20:41
2477,1,2018-04-24 20:41
2478,0,2018-04-24 20:41
2479,0,2018-04-24 20:41
2480,1,2018-04-24 20:41
2481,0,2018-04-24 20:41
2482,0,2018-04-24 20:41
2483,1,2018-04-24 20:41
2484,0,2018-04-24 20:41
2485,0,2018-04-24 20:41
2486,0,2018-04-24 20:41
2487,0,2018-04-24 20:41
2488,0,2018-04-24 20:41
2489,0,2018-04-24 20:41
2490,1,2018-04-24 20:41
2491,0,2018-04-24 20:41
2492,0,2018-04-24 20:41
2493,0,2018-04-24 20:41
2494,1,2018-04-24 20:41
2495,0,2018-04-24 20:41
2496,0,2018-04-24 20:41
2497,0,2018-04-24 20:41
2498,1,2018-04-24 20:41
2499,0,2018-04-24 20:41
2500,0,2018-04-24 20:41
2501,1,2018-04-24 20:41
2502,0,2018-04-24 20:41
2503,0,2018-04-24 20:41
2504,0,2018-04-24 20:41
2505,0,2018-04-24 20:41
2506,1,2018-04-24 20:41
2507,1,2018-04-24 20:41
2508,0,2018-04-24 20:41
2509,0,2018-04-24 20:41
2510,1,2018-04-24 20:41
2511,0,2018-04-24 20:41
2512,0,2018-04-24 20:41
2513,0,2018-04-24 20:41
2514,1,2018-04-24 20:41
2515,1,2018-04-24 20:41
2516,0,2018-04-24 20:41
2517,1,2018-04-24 20:41
2518,0,2018-04-24 20:41
2519,0,2018-04-24 20:41
2520,0,2018-04-24 20:41
2521,1,2018-04-24 20:41
2522,0,2018-04-24 20:41
2523,0,2018-04-24 20:41
2524,0,2018-04-24 20:41
2525,0,2018-04-24 20:41
2526,0,2018-04-24 20:41
2527,0,2018-04-24 20:41
2528,0,2018-04-24 20:41
2529,0,2018-04-24 20:41
2530,0,2018-04-24 20:41
2531,0,2018-04-24 20:41
2532,1,2018-04-24 20:41
2533,1,2018-04-24 20:41
2534,0,2018-04-24 20:41
2535,0,2018-04-24 20:41
2536,1,2018-04-24 20:41
2537,0,2018-04-24 20:41
2538,0,2018-04-24 20:41
2539,1,2018-04-24 20:41
2540,1,2018-04-24 20:41
2541,0,2018-04-24 20:41
2542,0,2018-04-24 20:41
2543,0,2018-04-24 20:41
2544,0,2018-04-24 20:41
2545,0,2018-04-24 20:41
2546,0,2018-04-24 20:41
2547,1,2018-04-24 20:41
2548,0,2018-04-24 20:41
2549,0,2018-04-24 20:41
2550,0,2018-04-24 20:41
2551,0,2018-04-24 20:41
2552,1,2018-04-24 20:41
2553,1,2018-04-24 20:41
2554,0,2018-04-24 20:41
2555,0,2018-04-24 20:41
2556,0,2018-04-24 20:41
2557,0,2018-04-24 20:41
2558,0,2018-04-24 20:41
2559,0,2018-04-24 20:41
2560,1,2018-04-24 20:41
2561,0,2018-04-24 20:41
2562,0,2018-04-24 20:41
2563,0,2018-04-24 20:41
2564,0,2018-04-24 20:41
2565,0,2018-04-24 20:41
2566,0,2018-04-24 20:41
2567,0,2018-04-24 20:41
2568,1,2018-04-24 20:41
2569,0,2018-04-24 20:41
2570,0,2018-04-24 20:41
2571,1,2018-04-24 20:41
2572,1,2018-04-24 20:41
2573,1,2018-04-24 20:41
2574,0,2018-04-24 20:41
2575,0,2018-04-24 20:41
2576,0,2018-04-24 20:41
2577,0,2018-04-24 20:41
2578,1,2018-04-24 20:41
2579,1,2018-04-24 20:41
2580,0,2018-04-24 20:41
2581,0,2018-04-24 20:41
2582,0,2018-04-24 20:41
2583,1,2018-04-24 20:41
2584,1,2018-04-24 20:41
2585,1,2018-04-24 20:41
2586,0,2018-04-24 20:41
2587,0,2018-04-24 20:41
2588,0,2018-04-24 20:41
2589,0,2018-04-24 20:41
2590,0,2018-04-24 20:41
2591,0,2018-04-24 20:41
2592,1,2018-04-24 20:41
2593,0,2018-04-24 20:41
2594,0,2018-04-24 20:41
2595,0,2018-04-24 20:41
2596,0,2018-04-24 20:41
2597,0,2018-04-24 20:41
2598,1,2018-04-24 20:41
2599,0,2018-04-24 20:41
2600,0,2018-04-24 20:41
2601,0,2018-04-24 20:41
2602,1,2018-04-24 20:41
2603,0,2018-04-24 20:41
2604,0,2018-04-24 20:41
2605,0,2018-04-24 20:41
2606,1,2018-04-24 20:41
2607,0,2018-04-24 20:41
2608,0,2018-04-24 20:41
2609,1,2018-04-24 20:41
2610,0,2018-04-24 20:41
2611,0,2018-04-24 20:41
2612,0,2018-04-24 20:41
2613,1,2018-04-24 20:41
2614,0,2018-04-24 20:41
2615,0,2018-04-24 20:41
2616,0,2018-04-24 20:41
2617,0,2018-04-24 20:41
2618,1,2018-04-24 20:41
2619,1,2018-04-24 20:41
2620,0,2018-04-24 20:41
2621,0,2018-04-24 20:41
2622,0,2018-04-24 20:41
2623,0,2018-04-24 20:41
2624,1,2018-04-24 20:41
2625,0,2018-04-24 20:41
2626,1,2018-04-24 20:41
2627,0,2018-04-24 20:41
2628,0,2018-04-24 20:41
2629,0,2018-04-24 20:41
2630,0,2018-04-24 20:41
2631,0,2018-04-24 20:41
2632,0,2018-04-24 20:41
2633,0,2018-04-24 20:41
2634,1,2018-04-24 20:41
2635,0,2018-04-24 20:41
2636,1,2018-04-24 20:41
2637,0,2018-04-24 20:41
2638,1,2018-04-24 20:41
2639,0,2018-04-24 20:41
2640,0,2018-04-24 20:41
2641,0,2018-04-24 20:41
2642,0,2018-04-24 20:41
2643,1,2018-04-24 20:41
2644,0,2018-04-24 20:41
2645,0,2018-04-24 20:41
2646,0,2018-04-24 20:41
2647,0,2018-04-24 20:41
2648,1,2018-04-24 20:41
2649,0,2018-04-24 20:41
2650,0,2018-04-24 20:41
2651,1,2018-04-24 20:41
2652,0,2018-04-24 20:41
2653,1,2018-04-24 20:41
2654,0,2018-04-24 20:41
2655,0,2018-04-24 20:41
2656,0,2018-04-24 20:41
2657,1,2018-04-24 20:41
2658,1,2018-04-24 20:41
2659,0,2018-04-24 20:41
2660,1,2018-04-24 20:41
2661,0,2018-04-24 20:41
2662,0,2018-04-24 20:41
2663,0,2018-04-24 20:41
2664,1,2018-04-24 20:41
2665,0,2018-04-24 20:41
2666,0,2018-04-24 20:41
2667,0,2018-04-24 20:41
2668,0,2018-04-24 20:41
2669,0,2018-04-24 20:41
2670,1,2018-04-24 20:41
2671,0,2018-04-24 20:41
2672,1,2018-04-24 20:41
2673,0,2018-04-24 20:41
2674,0,2018-04-24 20:41
2675,1,2018-04-24 20:41
2676,1,2018-04-24 20:41
2677,1,2018-04-24 20:41
2678,0,2018-04-24 20:41
2679,0,2018-04-24 20:41
2680,0,2018-04-24 20:41
2681,0,2018-04-24 20:41
2682,0,2018-04-24 20:41
2683,0,2018-04-24 20:41
2684,0,2018-04-24 20:41
2685,0,2018-04-24 20:41
2686,0,2018-04-24 20:41
2687,0,2018-04-24 20:41
2688,0,2018-04-24 20:41
2689,0,2018-04-24 20:41
2690,0,2018-04-24 20:41
2691,0,2018-04-24 20:41
2692,0,2018-04-24 20:41
2693,0,2018-04-24 20:41
2694,0,2018-04-24 20:41
2695,1,2018-04-24 20:41
2696,0,2018-04-24 20:41
2697,0,2018-04-24 20:41
2698,0,2018-04-24 20:41
2699,0,2018-04-24 20:41
2700,0,2018-04-24 20:41
2701,1,2018-04-24 20:41
2702,1,2018-04-24 20:41
2703,0,2018-04-24 20:41
2704,0,2018-04-24 20:41
2705,1,2018-04-24 20:41
2706,0,2018-04-24 20:41
2707,1,2018-04-24 20:41
2708,0,2018-04-24 20:41
2709,0,2018-04-24 20:41
2710,0,2018-04-24 20:41
2711,0,2018-04-24 20:41
2712,0,2018-04-24 20:41
2713,0,2018-04-24 20:41
2714,0,2018-04-24 20:41
2715,0,2018-04-24 20:41
2716,0,2018-04-24 20:41
2717,0,2018-04-24 20:41
2718,0,2018-04-24 20:41
2719,0,2018-04-24 20:41
2720,1,2018-04-24 20:41
2721,0,2018-04-24 20:41
2722,1,2018-04-24 20:41
2723,1,2018-04-24 20:41
2724,0,2018-04-24 20:41
2725,0,2018-04-24 20:41
2726,0,2018-04-24 20:41
2727,0,2018-04-24 20:41
2728,0,2018-04-24 20:41
2729,1,2018-04-24 20:41
2730,0,2018-04-24 20:41
2731,0,2018-04-24 20:41
2732,0,2018-04-24 20:41
2733,1,2018-04-24 20:41
2734,0,2018-04-24 20:41
2735,0,2018-04-24 20:41
2736,0,2018-04-24 20:41
2737,1,2018-04-24 20:41
2738,0,2018-04-24 20:41
2739,0,2018-04-24 20:41
2740,0,2018-04-24 20:41
2741,0,2018-04-24 20:41
2742,0,2018-04-24 20:41
2743,1,2018-04-24 20:41
2744,0,2018-04-24 20:41
2745,1,2018-04-24 20:41
2746,1,2018-04-24 20:41
2747,0,2018-04-24 20:41
2748,0,2018-04-24 20:41
2749,0,2018-04-24 20:41
2750,0,2018-04-24 20:41
2751,0,2018-04-24 20:41
2752,1,2018-04-24 20:41
2753,0,2018-04-24 20:41
2754,0,2018-04-24 20:41
2755,1,2018-04-24 20:41
2756,0,2018-04-24 20:41
2757,0,2018-04-24 20:41
2758,0,2018-04-24 20:41
2759,0,2018-04-24 20:41
2760,0,2018-04-24 20:41
2761,0,2018-04-24 20:41
2762,1,2018-04-24 20:41
2763,0,2018-04-24 20:41
2764,0,2018-04-24 20:41
2765,0,2018-04-24 20:41
2766,1,2018-04-24 20:41
2767,0,2018-04-24 20:41
2768,0,2018-04-24 20:41
2769,0,2018-04-24 20:41
2770,0,2018-04-24 20:41
2771,1,2018-04-24 20:41
2772,0,2018-04-24 20:41
2773,0,2018-04-24 20:41
2774,0,2018-04-24 20:41
2775,0,2018-04-24 20:41
2776,1,2018-04-24 20:41
2777,1,2018-04-24 20:41
2778,0,2018-04-24 20:41
2779,0,2018-04-24 20:41
2780,0,2018-04-24 20:41
2781,0,2018-04-24 20:41
2782,0,2018-04-24 20:41
2783,1,2018-04-24 20:41
2784,0,2018-04-24 20:41
2785,0,2018-04-24 20:41
2786,0,2018-04-24 20:41
2787,1,2018-04-24 20:41
2788,0,2018-04-24 20:41
2789,0,2018-04-24 20:41
2790,1,2018-04-24 20:41
2791,0,2018-04-24 20:41
2792,0,2018-04-24 20:41
2793,0,2018-04-24 20:41
2794,0,2018-04-24 20:41
2795,1,2018-04-24 20:41
2796,0,2018-04-24 20:41
2797,1,2018-04-24 20:41
2798,0,2018-04-24 20:41
2799,0,2018-04-24 20:41
2800,0,2018-04-24 20:41
2801,0,2018-04-24 20:41
2802,1,2018-04-24 20:41
2803,0,2018-04-24 20:41
2804,0,2018-04-24 20:41
2805,0,2018-04-24 20:41
2806,0,2018-04-24 20:41
2807,1,2018-04-24 20:41
2808,1,2018-04-24 20:41
2809,1,2018-04-24 20:41
2810,0,2018-04-24 20:41
2811,1,2018-04-24 20:41
2812,0,2018-04-24 20:41
2813,0,2018-04-24 20:41
2814,1,2018-04-24 20:41
2815,0,2018-04-24 20:41
2816,0,2018-04-24 20:41
2817,0,2018-04-24 20:41
2818,1,2018-04-24 20:41
2819,0,2018-04-24 20:41
2820,0,2018-04-24 20:41
2821,0,2018-04-24 20:41
2822,1,2018-04-24 20:41
2823,0,2018-04-24 20:41
2824,0,2018-04-24 20:41
2825,0,2018-04-24 20:41
2826,1,2018-04-24 20:41
2827,1,2018-04-24 20:41
2828,1,2018-04-24 20:41
2829,0,2018-04-24 20:41
2830,0,2018-04-24 20:41
2831,0,2018-04-24 20:41
2832,1,2018-04-24 20:41
2833,0,2018-04-24 20:41
2834,0,2018-04-24 20:41
2835,1,2018-04-24 20:41
2836,0,2018-04-24 20:41
2837,1,2018-04-24 20:41
2838,1,2018-04-24 20:41
2839,1,2018-04-24 20:41
2840,0,2018-04-24 20:41
2841,0,2018-04-24 20:41
2842,1,2018-04-24 20:41
2843,1,2018-04-24 20:41
2844,1,2018-04-24 20:41
2845,1,2018-04-24 20:41
2846,0,2018-04-24 20:41
2847,0,2018-04-24 20:41
2848,0,2018-04-24 20:41
2849,1,2018-04-24 20:41
2850,1,2018-04-24 20:41
2851,1,2018-04-24 20:41
2852,1,2018-04-24 20:41
2853,0,2018-04-24 20:41
2854,0,2018-04-24 20:41
2855,0,2018-04-24 20:41
2856,0,2018-04-24 20:41
2857,0,2018-04-24 20:41
2858,1,2018-04-24 20:41
2859,0,2018-04-24 20:41
2860,1,2018-04-24 20:41
2861,0,2018-04-24 20:41
2862,1,2018-04-24 20:41
2863,0,2018-04-24 20:41
2864,0,2018-04-24 20:41
2865,0,2018-04-24 20:41
2866,0,2018-04-24 20:41
2867,0,2018-04-24 20:41
2868,0,2018-04-24 20:41
2869,0,2018-04-24 20:41
2870,0,2018-04-24 20:41
2871,0,2018-04-24 20:41
2872,0,2018-04-24 20:41
2873,0,2018-04-24 20:41
2874,0,2018-04-24 20:41
2875,0,2018-04-24 20:41
2876,0,2018-04-24 20:41
2877,0,2018-04-24 20:41
2878,0,2018-04-24 20:41
2879,0,2018-04-24 20:41
2880,0,2018-04-24 20:41
2881,0,2018-04-24 20:41
2882,0,2018-04-24 20:41
2883,0,2018-04-24 20:41
